image_name,bpd_x1,bpd_y1,bpd_x2,bpd_y2,ofd_x1,ofd_y1,ofd_x2,ofd_y2,bpd_mm,ofd_mm,hc_mm,pixel_size
787_HC.png,51.687904,114.8959762962963,190.47907200000003,91.67184592592592,131.48323200000002,239.6913303703704,110.683712,-33.12346074074074,88.3765,117.2591,324.6,0.202475388845
637_HC.png,109.41091200000001,132.57562074074076,150.016288,144.97460148148147,124.77264,174.2891140740741,134.65456,103.26110814814814,50.953,60.1617,172.69,0.393280178308
444_HC.png,56.628512,132.60259555555555,173.194336,138.08777481481482,112.546464,245.6510577777778,117.27638400000001,25.039360000000002,50.0478,63.9361,178.97,0.137323513627
332_HC.png,85.412672,110.72521481481482,206.394208,117.84239407407408,142.73936,232.33033481481482,149.067552,-3.7627259259259263,46.4744,61.2184,169.3,0.122829559373
291_HC.png,66.30444800000001,111.70934518518519,208.340992,149.05111703703705,120.129792,273.9116088888889,154.51561600000002,-13.151194074074075,46.7275,63.746,174.0,0.103654762109
741_HC.png,56.888639999999995,137.68248888888888,194.939008,103.24408888888888,139.926592,243.74850370370373,111.901088,-2.821925925925926,80.9861,97.6378,280.2,0.185119277901
079_HC.png,93.87462400000001,108.47634962962962,172.909312,112.43036444444445,131.76185600000002,181.9666962962963,135.02208000000002,38.940017777777776,23.6692,28.9126,82.28,0.0957786119901
148_HC.png,61.477024,126.47845925925927,155.44403200000002,116.53698370370371,112.917024,213.95821037037038,104.00403200000001,29.057280000000002,26.2798,34.9051,96.1,0.0892671144434
436_HC.png,49.743616,128.72277333333335,197.265504,144.53229037037036,116.40288000000001,282.0700444444444,130.60624,-8.814980740740742,47.2434,62.8796,173.3,0.102211869493
525_HC.png,63.927552,146.33059555555556,188.156704,126.14475851851851,134.563328,251.3366755555556,117.520896,21.138678518518518,50.1292,62.7007,177.09,0.128357242315
323_HC.png,49.348032,119.06583703703704,197.714912,110.38245925925926,127.235072,253.61152000000004,119.827904,-24.163223703703704,49.23,62.2142,175.08,0.106097263225
652_HC.png,43.350592,139.66032592592595,159.8256,150.20183703703705,96.83257600000002,260.25500444444447,106.343616,29.607111111111113,59.6226,79.6951,219.09,0.1635005974
447_HC.png,80.734944,77.36741925925926,167.911008,192.50977185185187,77.900064,212.0798814814815,170.745888,57.79730962962963,51.7487,61.8191,177.98,0.141787707806
290_HC.png,45.97651200000001,123.3594311111111,170.692032,138.78096592592593,101.662112,249.4976474074074,115.006432,12.642749629629629,47.245,60.565,169.34,0.120803023257
133_HC.png,51.887648,109.11971555555556,146.97936,92.05191111111111,107.07692800000001,194.05008592592594,91.79008,7.1214933333333335,28.4118,37.6995,103.85,0.0949166518337
606_HC.png,85.957088,143.0374874074074,158.09324800000002,155.0010785185185,117.18918400000001,213.01726814814816,126.86112,85.02129777777779,54.2057,64.9221,186.2,0.238966970217
218_HC.png,77.32688,121.11454814814815,195.67766400000002,114.05605925925926,139.53692800000002,229.2607525925926,133.467648,5.909902222222223,48.1687,61.36,171.98,0.130134402932
487_HC.png,76.805216,118.43768888888889,209.742048,127.07593481481481,139.743616,241.98665481481484,146.803616,3.5269688888888893,50.9065,61.6378,176.53,0.122422401498
055_HC.png,145.839744,210.09796740740742,171.636064,67.13756444444445,216.387872,161.44924444444445,101.08793600000001,115.78628740740741,22.9839,27.462,79.0,0.0736317915075
547_HC.png,49.790592,117.02101333333333,159.475744,118.53402074074074,103.98787200000001,220.4511288888889,105.278464,15.103905185185186,48.62,61.4412,172.7,0.141839768205
611_HC.png,57.261792,129.4528,210.62774399999998,126.54530370370372,135.104576,262.27328,132.784928,-6.275223703703705,53.8885,63.6933,184.4,0.112429791027
388_HC.png,82.116864,147.72423111111112,160.990912,154.86307555555558,118.20940800000001,232.39499851851852,124.89836799999999,70.19235555555557,47.0511,65.3127,176.65,0.190535875467
559_HC.png,42.63744,129.1033125925926,193.876416,120.13549037037038,121.94144,260.9990637037037,114.57241599999999,-11.76026074074074,51.436,62.6163,179.0,0.108744229959
377_HC.png,67.58672,135.9800888888889,200.215552,137.27246222222223,133.285056,275.3903881481482,134.51721600000002,-2.13778962962963,45.2807,63.9568,172.26,0.10924866666
726_HC.png,65.510272,127.32572444444445,202.79964800000002,142.9125214814815,126.76403200000001,277.99921777777774,141.54592,-7.760971851851852,83.0638,116.7025,314.97,0.193042617578
680_HC.png,82.078368,171.5851851851852,172.41814399999998,137.65963851851853,141.42998400000002,237.50698666666668,113.066528,71.73783703703704,68.6757,85.0612,240.9,0.235804049742
381_HC.png,71.262752,126.28209777777779,177.57888,131.72314074074075,121.931072,235.77685333333332,126.910592,22.228337777777778,45.9989,62.3661,170.44,0.138369070159
060_HC.png,87.60448000000001,104.22167703703704,122.58371199999999,210.98287407407406,65.66560000000001,185.95531851851854,144.522624,129.24923259259262,24.6812,27.0078,80.7,0.0985959815044
580_HC.png,63.763999999999996,104.68494222222222,172.54944,108.22442666666667,116.639936,208.77406814814813,119.67353600000001,4.135300740740741,50.2065,63.7501,178.83,0.147650347036
644_HC.png,60.89817600000001,138.95912296296297,189.44342400000002,128.0190577777778,129.969504,257.2416,120.372064,9.736580740740742,57.8457,75.18,209.06,0.143763729504
196_HC.png,105.744544,130.33789629629632,183.69152,119.93187555555556,148.790368,192.0850014814815,140.645664,58.18477037037037,47.6423,55.2432,160.78,0.194799235234
326_HC.png,54.370847999999995,120.14046814814816,160.83808000000002,153.2345362962963,92.617312,242.50989037037039,122.591616,30.865114074074075,45.4874,61.0361,167.5,0.133804384867
445_HC.png,63.587744,127.70014814814816,198.025632,125.61308444444445,131.783712,264.7857303703704,129.829664,-11.472497777777779,46.8468,64.9797,176.2,0.111502528191
536_HC.png,44.649344,126.8832237037037,194.56051200000002,133.89340444444446,116.49600000000001,276.3047348148148,122.71385599999999,-15.52810666666667,48.7303,64.0328,177.38,0.103967698912
626_HC.png,85.908928,136.84522666666666,192.03088,104.45914074074075,152.775328,219.93856000000002,125.164448,21.36580740740741,55.3354,69.891,196.48,0.163426995277
344_HC.png,49.39904000000001,101.53325037037037,174.767072,115.41684148148148,106.19731200000001,225.12322370370373,117.968768,-8.173131851851853,48.0582,60.366,170.2,0.122326452558
265_HC.png,54.78364800000001,127.96439703703703,199.49952000000002,126.55568592592593,127.712608,256.00611555555554,126.570592,-1.4859851851851853,48.923,58.7577,168.92,0.108177752598
300_HC.png,53.410144,120.79454814814815,185.60428800000003,131.73461333333333,114.46851199999999,259.8946133333333,124.54592000000001,-7.365451851851852,48.5824,66.2987,180.89,0.117419565425
090_HC.png,91.511584,32.56888888888889,146.056416,174.61072592592595,62.998400000000004,150.60645925925925,174.569568,56.57315555555556,21.8791,25.4602,74.13,0.0634707529334
292_HC.png,61.71936,112.75813925925927,207.370752,118.88843851851853,131.98,249.5822222222222,137.11011200000002,-17.935644444444446,46.7516,57.9613,164.4,0.102673087801
181_HC.png,87.71744000000001,116.93601185185186,181.40822400000002,128.10557629629628,129.67923199999998,212.4274725925926,139.44643200000002,32.614162962962965,35.9034,46.5119,129.33,0.122232640662
411_HC.png,64.239104,113.91781925925926,213.78355200000001,140.01536000000002,128.243168,262.3936474074074,149.77948800000001,-8.460468148148149,49.7946,60.8767,173.7,0.105820494763
367_HC.png,67.476064,126.99240296296296,182.09689600000002,141.0770488888889,118.951136,238.26062222222225,130.621792,29.80882962962963,47.7679,58.6384,166.85,0.132902703787
417_HC.png,77.35264000000001,135.91011555555556,201.36064,128.9068088888889,142.295296,246.6136651851852,136.417984,18.20325925925926,48.2477,59.9855,169.84,0.124411761761
158_HC.png,105.30169599999999,128.75036444444447,216.67910400000002,132.56040296296297,159.358432,235.36350814814816,162.62236800000002,25.947259259259262,29.1756,37.0286,103.9,0.0838025907675
069_HC.png,71.60864,49.828029629629626,115.841216,190.03610074074075,37.119168,159.12628148148147,150.33068799999998,80.73784888888889,20.9298,25.0368,72.0,0.0641114665912
286_HC.png,90.48713599999999,114.86563555555556,199.09104,120.45217185185186,142.51984000000002,214.4812088888889,147.058336,20.83664592592593,51.2346,61.6634,176.9,0.150871213638
131_HC.png,117.983936,204.1733688888889,119.84387199999999,34.68828444444444,187.468832,121.08202666666666,50.359008,117.77962666666666,28.5511,34.2181,98.37,0.0798509896748
044_HC.png,129.20288,201.42359703703704,183.249632,180.53598814814816,164.99424,240.77335703703704,147.458272,141.18622814814816,19.8351,24.6701,69.49,0.113636363636
070_HC.png,157.06598400000001,205.3222874074074,177.603296,104.41661629629631,207.674208,172.88931555555556,126.99507200000001,136.84954074074074,21.2447,25.1647,72.51,0.0955619017283
634_HC.png,73.5896,173.72254814814818,158.738048,156.26951111111111,124.36304,252.79085037037035,107.96464,77.20116148148149,54.3013,75.5852,204.3,0.202146539784
635_HC.png,76.44048,124.9388088888889,188.034624,137.15849481481482,127.109888,233.82528,137.365216,28.272023703703702,56.6967,70.4928,199.5,0.162137496856
532_HC.png,78.340256,97.69837037037038,191.817472,100.75586370370371,133.751392,207.36161185185185,136.40633599999998,-8.907377777777779,49.4385,63.5997,177.5,0.139391091135
535_HC.png,60.051744,110.05680885608855,186.538272,138.66405313653138,111.54284799999999,237.56601623616234,135.047168,11.154845756457565,51.834,62.8604,179.88,0.129622587791
135_HC.png,91.004768,88.5131851851852,135.227296,207.80629333333334,66.451712,186.1266488888889,159.780352,110.19278222222223,29.6407,34.3546,100.11,0.103247423762
082_HC.png,85.407264,178.81761185185186,145.117216,180.83977481481483,114.4648,231.50800592592594,116.05968000000001,128.14942814814816,21.8727,25.5568,73.98,0.117190452509
165_HC.png,116.72227199999999,207.04080592592592,119.78528,37.85931851851852,184.741152,125.09202962962962,51.766400000000004,119.80809481481482,33.247,38.7137,112.7,0.0931299615789
164_HC.png,69.387168,124.84105481481481,179.4144,111.13618962962963,130.505088,225.5494162962963,118.29647999999999,10.42778074074074,32.8535,43.358,119.77,0.09521428744
028_HC.png,163.644256,197.46944000000002,178.158176,100.30179555555556,212.23148799999998,162.4351288888889,129.570944,135.33610666666667,19.7926,24.9445,70.0,0.0942857141765
630_HC.png,52.970912,111.5877925925926,179.953184,136.46848,106.065536,240.48365037037038,126.85856,7.572574814814815,53.929,66.7687,189.4,0.134729726894
193_HC.png,85.685376,145.4835674074074,168.06867200000002,141.49845333333334,128.752576,228.58894222222224,125.00147199999999,58.39312592592593,40.4723,56.4379,152.4,0.157121941447
705_HC.png,48.742752,126.31656296296298,193.01923200000002,120.13425777777778,123.699904,267.6097422222222,118.06208000000001,-21.15896888888889,73.0777,98.7286,270.5,0.162015826471
658_HC.png,72.700768,95.91585185185185,130.58470400000002,165.03376592592593,72.017024,184.9286162962963,131.268416,76.02100148148148,61.2849,77.8319,217.88,0.263785625759
804_HC.png,78.356576,134.12807111111113,180.096192,150.80476444444443,122.21990400000001,236.2814577777778,136.232896,48.651377777777775,89.914,111.9292,316.48,0.281089742978
136_HC.png,59.830752000000004,94.20709925925927,182.92592000000002,155.02089481481482,97.039392,232.74069333333335,145.71728,16.487253333333335,29.4275,34.8963,100.83,0.072571384734
554_HC.png,60.702656,109.26402370370371,206.045024,134.17211259259258,123.19616,252.06272,143.55152,-8.626583703703703,50.3639,60.9753,174.7,0.110151516067
314_HC.png,36.72448,117.9846637037037,156.216576,134.76887703703704,89.353536,237.5822222222222,103.58752000000001,15.17131851851852,47.6327,59.8447,168.67,0.126990951025
140_HC.png,121.260736,153.63697777777776,159.538528,209.42629925925928,117.802464,215.56005925925928,162.9968,147.50321777777776,28.6273,34.3565,98.2,0.170602582652
582_HC.png,47.675295999999996,141.22325333333336,179.205984,126.17903407407408,120.16736000000002,262.7793066666667,106.71392,4.622980740740741,49.82,66.0029,182.17,0.12084702893
006_HC.png,128.660064,46.32846222222223,146.66035200000002,186.9292088888889,81.28361600000001,132.46985481481482,194.036832,100.7878162962963,19.8042,23.5285,67.84,0.0656056482541
528_HC.png,83.951104,120.08481185185185,209.694048,160.5196325925926,129.415744,259.108882962963,164.22944,21.495608888888892,49.941,63.7012,178.5,0.124201387167
462_HC.png,66.432512,135.33857185185187,195.27392,122.56213333333334,136.336512,250.31172740740743,125.36992000000001,7.588977777777778,48.1938,61.2845,171.94,0.119430522124
333_HC.png,62.587936,111.13173333333333,200.211488,121.24074666666667,126.906816,250.43247407407407,135.892608,-18.059994074074076,45.6661,60.1363,166.4,0.106051729081
073_HC.png,68.884512,149.1750874074074,179.56297600000002,122.45124740740741,135.268864,236.21172148148148,113.178624,35.41466074074074,21.8708,26.7832,76.29,0.0624107159674
649_HC.png,43.035072,116.12363851851852,179.142944,123.81473185185185,107.524928,258.40047407407405,114.65308800000001,-18.462103703703704,58.513,80.341,218.7,0.137468576431
266_HC.png,68.383264,144.48782222222223,189.756256,156.03422814814815,124.09004800000001,265.1480177777778,134.049472,35.37403259259259,47.8751,61.1775,171.25,0.125963240862
145_HC.png,122.992608,105.30896592592593,192.048768,158.4479288888889,134.818912,196.62876444444444,180.222496,67.12813037037037,28.0047,35.449,99.4,0.115162792594
719_HC.png,60.96752000000001,109.09449481481481,166.575232,142.57806222222223,99.056192,227.70076444444447,128.486592,23.971792592592593,82.0816,106.8826,296.79,0.243206751056
234_HC.png,111.4536041025641,156.09336470588235,178.62216205128206,150.63383529411766,147.5631917948718,217.23590588235294,142.5126071794872,89.49134117647058,48.36,64.1457,176.3,0.235922478494
220_HC.png,65.199744,131.38398814814815,187.82240000000002,117.24008296296297,132.927552,246.4052148148148,120.09459199999999,2.218856296296296,43.9426,59.0664,162.06,0.114328061992
671_HC.png,51.007936,146.7948562962963,191.72707200000002,120.61079703703705,132.302912,262.6888059259259,110.43212799999999,4.716894814814815,69.6686,86.2105,244.71,0.157193709165
443_HC.png,92.59737600000001,130.09573925925926,187.71497599999998,132.14824296296297,139.21075199999999,227.28097185185186,141.10156800000001,34.96301037037038,49.2495,67.2147,183.12,0.165670295556
132_HC.png,123.8944,122.5156740740741,174.308,167.2666548148148,128.621408,195.5275851851852,169.581024,94.25474370370371,23.5513,31.9348,86.96,0.128234594296
695_HC.png,58.03411199999999,131.66288592592593,209.168992,122.42157037037038,137.682336,273.5174162962963,129.520768,-19.43296,71.2767,93.2568,258.8,0.150786710508
302_HC.png,77.201088,117.66703407407408,187.679552,133.0520177777778,126.02784,226.42417777777777,138.8528,24.294921481481484,50.7843,62.717,178.0,0.146450873683
440_HC.png,112.863936,131.5213274074074,172.500448,50.06302814814815,174.92016,142.59304296296295,110.44422399999999,38.99131259259259,53.1087,62.2765,180.4,0.209512189031
755_HC.png,57.602688,138.25559703703703,188.017728,91.06730666666667,142.528,234.2650311111111,103.092416,-4.94208,83.9565,103.9452,294.92,0.200122022629
429_HC.png,70.40582400000001,111.74802962962964,195.21568,127.79752296296297,126.12998400000001,233.79939555555555,139.491488,5.746157037037037,52.1911,64.3706,182.87,0.133311478297
041_HC.png,72.24816,95.50241185185186,122.22300800000001,201.75469037037038,54.748736,192.48768,139.722432,104.76942222222222,23.3439,27.6577,79.8,0.0854555125964
720_HC.png,57.875328,122.80727703703705,187.25856,136.4864,116.64716800000001,252.5370785185185,128.48672000000002,6.756598518518519,78.2771,100.371,280.65,0.193109558179
108_HC.png,85.386336,134.3552474074074,159.34985600000002,123.14017185185186,127.248352,199.38744888888888,117.48784,58.10792296296297,26.4279,34.0745,94.8,0.113745169206
643_HC.png,38.189346733668344,120.27616826568266,199.93117587939696,135.59384797047971,112.53592763819096,276.5262878228782,125.58459497487438,-20.65631881918819,60.4039,75.5705,213.6,0.119858483473
056_HC.png,83.42547200000001,182.30144,177.861824,128.36754962962965,152.29552,238.54250666666667,108.991808,72.12648296296297,20.373,24.2335,69.86,0.0644139219553
451_HC.png,69.624352,135.00866370370372,176.085984,133.6178725925926,123.47049600000001,237.6933925925926,122.23984,30.933143703703706,45.6392,59.8296,165.67,0.137176105421
521_HC.png,43.397536,114.0831762962963,179.69875199999998,126.35847111111111,105.811328,260.0284444444444,117.28496,-19.586797037037037,47.4248,65.6706,178.2,0.111136078835
782_HC.png,53.003904000000006,156.5670874074074,190.84223999999998,85.29664,148.112864,232.10121481481482,95.73328,9.762465185185185,82.1798,89.4776,268.8,0.180129749434
024_HC.png,115.73008,74.23777185185186,140.836352,164.70347851851852,92.85059199999999,141.05272888888888,163.71584000000001,97.88852148148149,21.7101,25.1946,73.2,0.105222798884
434_HC.png,77.230656,94.77982814814816,208.262048,153.83703703703705,117.24489600000001,248.4908088888889,168.24780800000002,0.1260562962962963,46.9065,60.0139,167.99,0.109593855298
584_HC.png,82.163104,110.79703703703704,159.88672,156.20892444444445,101.921152,205.26497185185184,140.12867200000002,61.74098962962964,52.7489,65.749,185.6,0.202031063311
477_HC.png,41.306048000000004,118.76882962962964,186.67740799999999,113.32418370370371,116.363872,255.05474370370368,111.619584,-22.961730370370372,51.2067,66.1032,184.4,0.112683285366
051_HC.png,113.307104,39.89741037037037,144.251072,198.18605037037037,68.013888,145.1136948148148,189.54428800000002,92.96976592592593,21.5089,24.4652,71.96,0.061876192505
334_HC.png,52.899168,107.43158518518518,159.709952,123.85991111111112,99.17593600000001,217.3689362962963,113.433184,13.92256,49.4389,63.5634,177.4,0.147324695307
739_HC.png,49.390336,100.53560888888889,191.661536,150.51913481481483,98.653024,262.1709274074074,142.398816,-11.116183703703705,76.4104,99.0737,275.9,0.167226274808
264_HC.png,54.023168,135.89935407407407,193.00284800000003,127.73338074074073,126.969536,260.9305125925926,120.05648,2.7022222222222223,46.6964,58.5652,165.28,0.107433757883
361_HC.png,83.35456,145.71666962962965,181.64720000000003,156.83821037037038,127.750304,243.42755555555559,137.25148800000002,59.12732444444445,51.992,65.803,184.76,0.168772955736
760_HC.png,65.517952,148.19199999999998,178.122048,135.19848296296297,127.25049600000001,244.98578962962964,116.389504,38.404693333333334,83.2028,103.0334,292.12,0.235732893149
544_HC.png,61.336895999999996,131.99649185185186,195.55603200000002,127.88674370370371,130.13407999999998,250.91000888888888,126.758848,8.973274074074075,49.2899,59.9721,171.4,0.117490028226
615_HC.png,70.132064,120.87115851851853,209.52144,126.32855703703706,137.38662399999998,260.3881718518519,142.26688000000001,-13.188456296296298,48.7114,64.5333,178.15,0.111789080832
018_HC.png,76.234976,121.61720888888888,166.886848,111.35378962962963,126.49715200000001,212.17716148148148,116.62467199999999,20.79378962962963,18.7417,26.7079,71.59,0.0659655269824
588_HC.png,65.666176,131.38503111111112,164.307712,133.3822577777778,114.095008,229.06718814814815,115.87888000000001,35.700100740740744,48.1857,63.7595,175.84,0.156303271651
595_HC.png,82.168992,125.07268740740741,203.73052800000002,144.65758814814814,134.785056,246.09142518518522,151.114464,23.63885037037037,53.8397,66.504,188.79,0.140897548861
083_HC.png,93.67945599999999,46.30528,172.03344,188.56727703703703,74.042016,188.53281185185185,191.67088,46.33969777777778,23.6593,28.9817,82.58,0.0610871503993
061_HC.png,77.60096,69.45943703703703,158.057984,89.58136888888889,110.188928,146.57232592592592,125.470016,12.468432592592594,21.1201,23.7617,70.11,0.0828286409378
465_HC.png,90.52432,112.13003851851853,192.409376,92.62900148148148,149.260672,191.7503051851852,133.673024,13.008734814814815,50.1066,59.3354,171.38,0.156077397987
294_HC.png,75.880192,102.41408,174.855456,98.88270222222224,126.972768,199.3746962962963,123.76288000000001,1.9221333333333335,49.0196,66.01,180.82,0.158440992236
450_HC.png,64.075808,112.6629925925926,195.220672,141.14303999999998,116.91244800000001,255.6178962962963,142.38403200000002,-1.8118162962962965,46.1299,61.1214,168.7,0.111369053523
182_HC.png,94.379808,124.37551407407408,156.19491200000002,115.31510518518519,128.923072,174.28669629629633,121.65164800000001,65.40387555555556,39.2211,46.6324,134.0,0.202050353542
316_HC.png,26.548703999999997,165.8841125925926,150.066368,105.8745362962963,111.276448,239.64202666666665,65.338624,32.11662222222222,52.0135,58.9877,173.84,0.128043026496
539_HC.png,38.480192,95.47249777777779,150.018496,96.80393481481481,93.722848,192.94625185185186,94.775872,-0.669771851851852,55.2087,64.6887,187.77,0.158386826515
223_HC.png,58.806624,128.9061925925926,189.861408,120.13586962962962,127.71337600000001,235.35331555555555,120.954656,13.688794074074075,50.2307,57.3477,168.51,0.122524674346
742_HC.png,47.866144000000006,97.33413925925926,185.928256,167.85943703703705,89.49968000000001,250.3122488888889,144.29472,14.881327407407408,91.0639,104.8187,307.0,0.199538958073
579_HC.png,58.747424,119.88081777777779,185.036736,126.06260148148148,119.281984,240.0037925925926,124.502208,5.93957925925926,51.0683,63.8886,180.44,0.129329608037
478_HC.png,59.521823999999995,129.2594725925926,206.38031999999998,137.986322962963,129.182464,272.8157866666667,136.71971200000002,-5.570038518518519,51.3877,65.7523,184.1,0.111882209778
331_HC.png,74.81152,124.82929777777778,184.18880000000001,131.9781925925926,126.400064,232.50474666666668,132.600256,24.302743703703705,46.5717,59.8389,167.07,0.136120158273
446_HC.png,67.289632,135.43793777777776,193.232608,146.43882666666667,125.27488,266.2272474074074,135.24736000000001,15.649517037037038,46.5743,62.5488,171.69,0.118132396823
500_HC.png,89.37421319796954,115.74901431192662,195.8495512690355,98.75286899082569,149.7640934010152,200.9204022018349,135.45967106598982,13.581481100917431,51.1148,62.2008,177.58,0.155017459765
176_HC.png,56.401824,130.26275555555557,178.900352,130.61518222222222,117.50300800000001,243.38531555555556,117.799136,17.492574814814816,33.5487,41.759,118.17,0.0876382150148
578_HC.png,44.804032,112.86248296296297,196.1656,126.52899555555557,114.93696,254.5536,126.032704,-15.162074074074075,51.9662,62.5051,179.6,0.109660482925
744_HC.png,60.17792000000001,129.96608,183.33606400000002,156.47715555555558,111.055392,252.33488592592596,132.45862400000001,34.10830222222222,85.228,101.9367,293.4,0.219145339468
163_HC.png,98.64838400000001,168.36939851851852,165.1096,157.2909511111111,137.030528,230.65993481481482,126.727424,95.00041481481482,29.8729,41.1588,111.5,0.142931154796
248_HC.png,63.64192,131.4040414814815,208.570592,142.2765511111111,131.598432,268.7218725925926,140.61408,4.958672592592593,48.6995,59.8258,170.35,0.10739015772
522_HC.png,80.53712,126.5644562962963,213.345216,131.16781037037038,144.909408,257.5168,148.972928,0.2154666666666667,48.8923,63.9384,177.39,0.117773350547
716_HC.png,61.591872,154.50059851851853,172.75830399999998,155.5441303703704,116.725504,260.13563259259263,117.62464,49.9090962962963,83.6165,106.7356,298.8,0.240690751248
074_HC.png,97.91936,53.64356740740741,171.31376,161.97674666666666,91.125536,172.47881481481483,178.107584,43.14154666666667,22.1057,26.2947,75.8,0.0682768552271
771_HC.png,69.56867199999999,138.21530074074076,176.49708800000002,115.0675437037037,132.665728,224.3046874074074,113.400032,28.978204444444447,79.6549,98.2164,278.9,0.235874709629
519_HC.png,76.39568,122.44707555555557,183.753088,119.30458074074075,131.448768,223.92680296296297,128.700032,17.824853333333333,50.0971,64.9182,180.6,0.149295187708
104_HC.png,92.92806399999999,114.52212148148148,211.056608,142.78144,139.79152,240.58889481481484,164.19315200000003,16.714666666666666,23.5776,30.1615,84.39,0.0630528677868
114_HC.png,126.012768,176.35427555555557,165.935552,106.65803851851852,171.516544,173.6180148148148,120.43177600000001,109.39434666666668,25.3335,27.5089,82.33,0.131386392995
568_HC.png,62.92752000000001,143.18994962962964,184.5248,146.20387555555556,122.46976000000001,255.95093333333332,124.98255999999999,33.442891851851854,50.3188,62.1521,176.44,0.132402244367
092_HC.png,89.41222400000001,107.96705185185185,179.24313600000002,115.05464888888889,131.143904,200.0754725925926,137.511456,22.94618074074074,21.1877,28.2002,77.56,0.0753690753922
669_HC.png,66.397792,143.3240651851852,188.912736,99.62695111111111,147.44512,243.2543288888889,107.865408,-0.30331259259259263,66.9273,89.8089,246.6,0.169953148244
089_HC.png,76.339072,184.59780740740743,164.01862400000002,153.888,132.17558400000001,244.4184177777778,108.18214400000001,94.06738962962963,21.8418,25.2813,73.7,0.0775763988495
433_HC.png,83.866144,136.29160296296297,164.60182400000002,140.91671703703705,122.17248,217.58383407407408,126.295488,59.62453333333333,47.5951,62.8558,173.3,0.188504727382
740_HC.png,71.892576,125.01285925925927,189.159008,118.26996148148149,133.519072,235.89376,127.53251200000001,7.389108148148148,79.3893,104.4208,288.9,0.216476761776
749_HC.png,66.820576,139.23361185185186,173.424,122.85639111111111,127.641056,238.46144,112.60352,23.628515555555555,87.0746,118.4473,323.3,0.259984747156
783_HC.png,75.20896,130.4089125925926,187.29417600000002,115.90959407407408,137.704416,232.6419911111111,124.798688,13.67646814814815,86.5035,114.0682,315.22,0.246028754769
499_HC.png,59.475519999999996,150.85160296296297,181.4848,141.28786962962965,124.50928,258.8854044444445,116.45103999999999,33.25406814814815,50.2044,62.6689,177.13,0.131489744312
497_HC.png,75.00224,128.2823111111111,182.894496,106.41517037037038,138.219392,217.74549333333334,119.677312,16.95198814814815,49.0925,61.6706,173.77,0.144260798182
011_HC.png,108.696384,213.25359407407407,162.771104,56.896805925925925,197.485536,181.94782814814815,73.981952,88.20252444444445,20.5616,24.0611,69.9,0.0554841260115
356_HC.png,68.311552,137.84362666666667,183.80966400000003,147.37005037037036,122.18550400000001,245.72183703703703,129.935712,39.49184,52.3929,63.1471,181.1,0.144935795239
043_HC.png,78.121568,96.01076148148148,161.727744,198.85165037037038,80.65673600000001,217.49650962962963,159.192576,77.36590222222223,20.9712,23.7259,69.94,0.061754849222
042_HC.png,66.152704,168.00971851851853,176.30400000000003,82.84506074074073,153.59020800000002,217.29370074074075,88.86649600000001,33.56103111111111,20.9826,23.6244,69.84,0.0540399359119
167_HC.png,91.062368,140.22129777777778,203.082656,138.52643555555557,147.761568,239.32619851851854,146.383456,39.42153481481481,35.7575,43.0722,123.55,0.102140368248
709_HC.png,79.017568,163.25655703703706,197.616192,86.96789333333334,170.022752,233.29346370370374,106.610976,16.930986666666666,81.8289,100.7658,286.5,0.202522423803
618_HC.png,80.457152,111.31761777777778,194.108704,112.8524325925926,136.624,219.17373629629628,137.941856,4.996266666666667,55.7709,70.9431,198.9,0.15702335164
694_HC.png,67.0096,146.2706725925926,175.04828799999999,147.34596740740741,120.57712,246.44565333333335,121.48076800000001,47.17093925925926,73.9565,92.0774,260.4,0.219047017719
178_HC.png,69.84073599999999,109.46270814814815,154.882528,124.04451555555556,106.399584,193.06832592592593,118.32368000000001,40.438850370370375,36.4566,44.1657,126.2,0.136271119118
534_HC.png,55.757920000000006,139.54688,195.377568,134.61319111111112,127.692544,269.0525866666666,123.44294400000001,5.107484444444444,49.2606,62.8594,176.16,0.112870275305
543_HC.png,46.409344000000004,132.3409540740741,173.59312000000003,136.3091437037037,108.221824,259.49620148148153,111.780608,9.15384888888889,51.8413,68.8783,189.87,0.130406107221
177_HC.png,76.960576,117.3548562962963,173.62822400000002,96.25751703703705,134.467648,199.05668740740742,116.12115200000001,14.555685925925927,34.3421,44.2434,123.32,0.112469169531
557_HC.png,70.957728,125.33257481481482,198.27446400000002,119.09347555555556,137.180096,237.04931555555555,132.052064,7.376734814814815,50.8842,61.9599,177.0,0.127823391022
773_HC.png,67.776992,119.21564444444444,187.11907200000002,125.62398814814814,124.909856,226.1625837037037,129.986176,18.67704888888889,82.7074,97.0604,281.64,0.221623327997
257_HC.png,65.940608,147.96591407407408,168.01264,148.51109925925925,116.738048,246.27095703703705,117.21520000000001,50.2060562962963,47.5018,61.5895,171.26,0.148919119554
362_HC.png,54.833696,110.35904944649447,192.705056,112.34744206642067,122.922208,239.33029077490775,124.61654399999999,-16.62379926199262,49.227,61.9156,174.53,0.114250521768
767_HC.png,66.29510400000001,141.5936,189.545088,106.63471407407408,142.0704,233.60749037037039,113.769792,14.620823703703705,87.9296,105.4556,303.18,0.224223401811
015_HC.png,124.64179200000001,205.8770962962963,173.60022400000003,71.1679525925926,206.650272,184.41182814814815,91.59171200000002,92.63317333333333,19.4975,24.6716,69.3,0.0604155767395
003_HC.png,97.67577600000001,168.5100088888889,168.462752,170.64576,132.214144,231.7842962962963,133.924416,107.3714725925926,20.1986,23.9628,69.0,0.0912911675193
338_HC.png,74.366464,133.6241777777778,178.057312,158.95746370370372,115.211808,245.10904888888888,137.211936,47.472640000000006,47.0834,60.5756,169.0,0.143367443766
256_HC.png,74.110752,131.4695111111111,202.49455999999998,128.12387555555557,139.71712,248.92510814814818,136.888192,10.668278518518518,49.5733,62.0993,175.3,0.123543637555
531_HC.png,50.439456,128.43335111111114,162.627776,138.62290962962962,102.02912,242.37899851851853,111.038112,24.67730962962963,48.9965,64.1775,177.82,0.139493097862
393_HC.png,48.54448000000001,132.58462814814817,200.275104,128.57647407407407,126.09910400000001,270.93522962962965,122.720512,-9.774080000000001,48.9656,61.1475,172.93,0.103252177336
422_HC.png,72.70112,108.11633777777777,192.265344,106.19505777777778,133.32163200000002,221.66698666666667,131.644864,-7.355591111111112,46.0157,59.4958,165.75,0.123148415147
481_HC.png,60.420256,125.16105481481482,191.687136,130.64860444444446,123.71017599999999,250.94200888888886,128.397184,4.86765037037037,49.9948,63.2615,177.85,0.121827896048
420_HC.png,49.359488,133.89776592592594,178.762464,144.47265185185185,109.354336,265.592557037037,118.767616,12.77786074074074,47.0354,62.0279,171.5,0.116137099821
375_HC.png,80.731392,112.25827555555557,196.47552,124.06101333333334,133.70019200000002,223.69407999999999,143.50672,12.625256296296296,46.1194,56.7692,161.36,0.127206230775
346_HC.png,41.02672,94.60399407407407,183.046816,114.54866962962964,103.16019200000001,243.30330074074075,120.91337600000001,-34.15063703703704,46.73,61.6227,171.0,0.104822305342
324_HC.png,60.126144000000004,138.58839703703705,171.89328,139.71693037037036,115.535232,242.28702814814815,116.48415999999999,36.01829925925926,47.8039,59.5506,168.4,0.136863989373
670_HC.png,81.08230400000001,130.52264296296295,185.924224,186.77594074074077,109.862848,255.35118222222223,157.143712,61.947401481481485,65.4771,81.531,230.6,0.187905850234
009_HC.png,123.439008,75.11542518518519,152.68857599999998,130.87331555555556,115.30032,129.20296296296297,160.82726399999999,76.78577777777778,18.102,21.897,62.31,0.121525358863
249_HC.png,50.391935999999994,127.13931851851854,195.043328,130.56341333333333,121.268704,263.19502222222224,124.16656000000002,-5.4922903703703705,47.1636,59.1337,166.94,0.104322607319
022_HC.png,51.63273600000001,150.6553362962963,167.469472,166.22241185185186,102.563424,272.55950222222225,116.538752,44.31819851851852,17.9611,23.8883,65.8,0.04941494158
221_HC.png,54.74704,143.8155377777778,175.96864000000002,87.06768592592593,138.813152,225.4090903703704,91.90256,5.4741333333333335,47.8524,58.6033,167.0,0.120450116339
551_HC.png,69.558656,108.99365925925926,219.454912,139.3133037037037,131.53779200000002,264.8768,157.475808,-16.569789629629632,51.0849,64.7444,182.0,0.108054170142
696_HC.png,90.982496,161.6256,178.58022400000002,71.27329185185185,171.860928,195.35013925925927,97.70179200000001,37.5487525925926,75.0281,91.2317,260.57,0.224935178007
790_HC.png,73.813216,138.24843851851853,178.29977599999998,144.72865185185185,123.28163200000002,239.68715851851854,128.831392,43.289931851851854,91.9964,116.7212,327.5,0.281501202516
793_HC.png,64.593984,120.96692148148149,207.096736,136.55191703703704,128.312352,279.9332977777778,143.378368,-22.41445925925926,85.6081,122.6033,328.59,0.191717319764
340_HC.png,92.70678400000001,104.17450666666667,208.331904,122.74744888888888,142.297856,225.79612444444444,158.74086400000002,1.1258311111111112,46.8972,61.5098,170.35,0.129034748444
677_HC.png,109.762752,140.12245333333334,179.638336,117.73122370370372,153.425888,188.6885451851852,135.9752,69.16513185185185,72.9138,84.1862,245.3,0.326366270742
203_HC.png,102.08729600000001,174.9746251851852,179.24720000000002,154.5996325925926,149.748288,240.2656237037037,131.586176,89.30863407407408,40.0205,52.8503,145.7,0.163398788821
237_HC.png,60.757984,122.84458666666666,188.44144,158.2342637037037,109.746272,258.15850666666665,139.453184,22.920296296296296,43.8756,54.5632,154.5,0.108085553283
093_HC.png,68.76832,145.60493037037037,174.32224,147.37588148148149,120.781696,246.37667555555555,122.308864,46.604136296296296,22.113,28.2497,79.04,0.0670341889064
558_HC.png,46.509440000000005,139.1706074074074,159.31491200000002,131.11632592592593,106.75616000000001,253.30545777777778,99.068192,16.981428148148147,48.1328,68.0648,183.13,0.136381967648
365_HC.png,69.271776,135.85294222222223,177.41875199999998,136.66218666666666,122.999008,237.8176,123.69152,34.6975762962963,49.1182,62.2708,174.79,0.145335653249
512_HC.png,56.618592,113.69434074074076,207.341216,121.66736592592595,128.550144,259.9832177777778,135.409696,-24.62151111111111,50.4137,64.2563,180.2,0.106965404876
284_HC.png,88.529408,156.07262814814817,190.69788799999998,85.10217481481483,171.586144,221.6075377777778,107.641152,19.56726518518519,45.6911,60.9898,167.73,0.129572137808
184_HC.png,83.082976,185.32385185185186,134.871072,128.003602962963,131.64592000000002,201.6152651851852,86.308128,111.71218962962963,36.9274,43.271,125.2,0.182793813723
655_HC.png,48.16531200000001,116.48232296296297,158.41388800000001,147.97989925925927,90.25155199999999,232.39272296296298,116.32764800000001,32.06954666666667,55.1697,67.6647,192.6,0.157234705985
620_HC.png,71.52313600000001,140.7096888888889,204.84976,138.25962666666666,139.308288,273.47057777777775,137.06460800000002,5.498690370370371,54.043,73.3189,200.5,0.129699783447
153_HC.png,107.581152,115.06085925925926,214.71151999999998,123.65202962962964,157.54163200000002,218.01182814814814,164.75104,20.70110814814815,28.2396,35.1075,99.34,0.0842288136482
075_HC.png,95.40096,99.25831111111111,161.380704,173.71614814814816,98.061696,195.47377777777777,158.71996800000002,77.5006814814815,24.5074,29.5783,84.64,0.0945530072698
456_HC.png,59.42301662468514,154.61405230202578,164.42979949622168,142.08386593001842,117.66894911838791,251.24698047882137,106.1838347607053,45.45093775322284,51.3155,68.7777,188.8,0.157039612532
501_HC.png,51.32168020050125,168.77772421441773,157.01326917293233,129.2663719038817,120.06133734335839,241.52587356746764,88.27361203007517,56.518222550831794,50.5934,60.0395,173.3,0.148857919609
277_HC.png,50.771872,99.71560296296298,164.667232,131.03189333333333,95.08524799999999,216.22466370370373,120.353856,14.522832592592593,47.7961,57.1347,164.45,0.132033040649
068_HC.png,101.471008,190.4747140740741,191.123904,55.96463407407408,200.726976,202.8422637037037,91.86793600000001,43.59703703703704,24.1793,28.9901,83.37,0.0606386991869
517_HC.png,68.106272,127.88740740740741,197.70185600000002,115.95434666666667,138.191104,247.9418785185185,127.617024,-4.100124444444445,48.6515,63.8679,176.9,0.11989989451
188_HC.png,85.36735754475704,155.4369180811808,162.4189381074169,132.28067896678965,133.66532583120204,211.5481033210332,114.12100255754476,76.16949372693726,37.7882,46.0168,131.1,0.157175473869
271_HC.png,69.510272,126.0038162962963,180.992768,124.93293037037037,125.731616,235.16482370370372,124.77142400000001,15.771922962962964,45.0794,59.8822,165.0,0.129393369724
236_HC.png,69.445408,123.11191703703706,181.17107199999998,126.34567111111112,123.957408,227.16131555555557,126.659072,22.296225185185186,47.8999,59.2861,168.1,0.137166670627
088_HC.png,101.15132799999999,51.718968888888895,167.015744,156.5568948148148,91.979072,162.19467851851851,176.188,46.081137777777776,23.5409,28.013,80.72,0.0779224559665
687_HC.png,49.819456,128.12928,196.339776,126.56549925925927,123.82639999999999,280.9150103703704,122.332832,-26.220231111111115,65.4887,92.6621,249.5,0.143023524966
117_HC.png,150.503104,121.85135407407407,165.019552,229.67514074074074,119.92931200000001,186.9421037037037,195.593344,164.58439111111113,25.4266,26.4338,80.88,0.109634995461
125_HC.png,68.136992,130.4467437037037,190.3296,146.49007407407407,122.34966399999999,253.5378962962963,136.116928,23.398968888888888,24.8172,31.5502,88.51,0.0647380715841
666_HC.png,88.801376,124.4427851851852,188.889984,138.0295111111111,133.112896,223.92528592592592,144.578464,38.54705777777777,64.6692,80.8491,228.17,0.205895544327
289_HC.png,99.882272,108.3795437037037,200.74502400000003,134.42910814814815,138.57756799999999,221.13896296296295,162.049728,21.66968888888889,50.09,66.8651,183.79,0.156555697322
238_HC.png,83.217568,97.61545481481483,177.209088,98.61470814814815,129.820672,179.18008888888892,130.606016,17.050121481481483,47.3671,55.1512,160.4,0.16126007803
000_HC.png,119.014784,219.75324444444445,143.03241599999998,138.44693333333333,163.764672,200.32720592592594,98.282528,157.87292444444444,12.9429,15.4428,44.3,0.0691358041432
797_HC.png,86.12048000000001,176.46729481481484,191.124288,129.96764444444446,157.906624,248.79369481481484,119.338144,57.641244444444446,90.3477,111.0185,315.7,0.263801938609
736_HC.png,61.11763200000001,109.64077037037038,192.75123200000002,115.38816,124.47756799999999,236.0153125925926,129.391296,-10.986334814814814,81.7084,103.4912,290.84,0.198546075821
706_HC.png,77.90752,65.17219555555556,172.63331200000002,106.77418666666667,107.32304,175.6638814814815,143.217792,-3.717499259259259,75.4782,96.4793,269.8,0.244462519157
490_HC.png,56.590112,114.9931614814815,190.79452799999999,100.66341925925927,130.040064,238.3071288888889,117.34460800000001,-22.650595555555554,52.0041,68.2566,189.1,0.123678887332
278_HC.png,57.895936000000006,115.2651377777778,189.544256,120.68380444444445,121.19040000000001,252.86418962962964,126.24976000000001,-16.915200000000002,47.4093,65.5784,178.0,0.115194230579
629_HC.png,56.758592,113.14711703703705,187.63408,119.38066962962964,119.285952,250.3761540740741,125.10672000000001,-17.848367407407405,52.8819,73.1562,198.56,0.12923336946
116_HC.png,131.95536,95.2594488888889,181.502304,176.8550874074074,124.266336,179.3210311111111,189.191296,92.79350518518518,24.0952,28.4035,82.05,0.104077743987
228_HC.png,75.931584,125.09985185185185,190.535808,123.57115259259258,133.860448,227.46102518518518,132.606944,21.20997925925926,48.032,58.3485,166.78,0.134110362143
570_HC.png,59.06464,121.96465777777779,182.589056,119.77102222222223,121.810432,242.42697481481483,119.84323200000001,-0.6912948148148148,51.6846,68.6641,189.26,0.133883542306
423_HC.png,47.337120000000006,158.28489481481483,184.338368,117.13455407407409,133.427328,266.2381037037037,98.24816000000001,9.181297777777779,51.055,64.6616,181.76,0.11687345283
526_HC.png,50.35968,141.0699851851852,165.057216,143.23029333333332,106.81852800000001,245.85054814814816,108.598368,38.449730370370375,52.5042,64.0846,182.8,0.146471971975
274_HC.png,52.481632,139.3747911111111,170.704512,147.76362666666668,108.151584,250.01818074074077,115.03459199999999,37.120237037037036,49.7297,60.449,172.74,0.134451695391
318_HC.png,50.215616000000004,123.59021037037039,189.227264,129.81063111111112,117.03865599999999,258.28560592592595,122.40419200000001,-4.884764444444445,45.7233,58.4288,163.65,0.105205391583
648_HC.png,66.45382400000001,89.98162962962964,190.632448,107.89594074074074,120.098784,227.41010962962963,136.98748799999998,-29.53253925925926,59.1834,82.6596,223.5,0.15179372195
144_HC.png,76.476928,155.28234666666668,158.13392,65.99523555555555,152.32585600000002,180.93288296296296,82.28496,40.34469925925926,29.1557,33.883,98.67,0.0919285471793
581_HC.png,67.819232,130.87213037037037,189.94047999999998,135.21573925925927,126.954016,251.8814340740741,130.805696,14.206435555555556,48.9381,64.29,177.99,0.128197922156
518_HC.png,85.78294400000001,148.96658962962965,178.545024,124.55011555555555,142.915072,226.40459851851853,121.412896,47.11210666666667,52.3027,68.237,189.2,0.177645853588
732_HC.png,42.35408,147.92590222222222,189.03408,117.3055051851852,129.101824,273.57985185185186,102.28633599999999,-8.348444444444445,68.6075,89.0109,247.82,0.148211384521
589_HC.png,65.984096,105.09918814814816,193.495136,152.94639407407408,110.54588799999999,241.2874903703704,148.933344,16.75809185185185,53.7734,63.9141,184.5,0.130817929381
369_HC.png,41.100928,113.80764444444445,165.39417600000002,142.19164444444445,91.950912,236.57125925925925,114.54419200000001,19.42802962962963,52.959,62.4514,180.87,0.134754366166
268_HC.png,55.88928,120.46549333333334,198.05497599999998,114.12664888888888,129.66816,250.00675555555554,124.276064,-15.414660740740743,47.1488,59.4177,167.38,0.10607902674
571_HC.png,68.571488,105.66096592592594,185.142784,134.1740562962963,114.08108800000001,234.55762962962962,139.633184,5.27744,48.0374,63.7761,175.8,0.130106149576
307_HC.png,46.342656,119.62586074074075,173.114272,106.71691851851853,115.204288,231.19644444444447,104.25260800000001,-4.853665185185186,49.0148,61.6046,173.65,0.12343306367
310_HC.png,67.47696607594938,114.1057543599258,197.0472506329114,133.06162820037108,124.34665316455697,239.81263079777366,140.1775635443038,7.354704267161409,48.7805,59.7099,170.2,0.121394948262
743_HC.png,67.651296,175.1743051851852,151.80496,106.80234666666668,137.853664,216.9664474074074,81.60256000000001,65.01025185185185,77.9676,95.0306,271.0,0.259951894934
046_HC.png,94.621984,57.00171851851852,150.975136,156.11221333333333,83.01536,156.20366222222222,162.58176,56.91026962962963,20.4719,24.3481,70.13,0.0748933873959
349_HC.png,37.477216,134.15779555555557,141.928416,127.54422518518518,92.552352,229.62612148148148,86.85324800000001,32.07589925925926,46.2506,59.0452,165.24,0.141565442085
371_HC.png,71.769536,128.44359111111112,184.40662400000002,127.89276444444445,128.327904,235.80800000000002,127.848256,20.528355555555557,46.7503,60.3128,168.13,0.132815947658
527_HC.png,49.369727999999995,130.4735288888889,187.291008,125.06078814814815,120.62064000000001,255.84933925925927,116.04009599999999,-0.3150222222222222,52.0993,65.3166,184.36,0.120836612655
261_HC.png,60.117695999999995,141.9910637037037,187.60921600000003,140.8248888888889,124.342624,256.3843792592593,123.384288,26.431573333333336,47.0482,57.2801,163.64,0.118087333791
195_HC.png,59.247007999999994,118.65955555555557,188.902272,142.48746666666668,113.96236800000001,251.34008888888889,134.186912,9.806933333333333,42.4727,53.4072,150.54,0.10402870054
805_HC.png,126.61260800000001,218.2637985185185,142.27542400000002,36.60150518518519,203.342336,140.47051851851853,65.54569599999999,114.39478518518519,99.4645,111.7733,330.7,0.257474978765
678_HC.png,65.715904,115.5013688888889,187.70112,119.25636740740741,124.975808,240.91998814814818,128.441184,-6.162251851851852,62.2255,85.0759,231.9,0.163199036352
107_HC.png,60.742368,113.30958222222223,159.648,148.83579259259258,93.871584,230.81533629629632,126.518784,31.330038518518517,20.9234,28.4856,77.71,0.0657894736842
059_HC.png,87.970976,93.16167111111112,172.238016,141.72458666666668,110.112672,193.58061037037038,150.09632,41.305647407407406,21.9182,26.7349,76.2,0.0775708510326
603_HC.png,48.912832,128.40978962962964,165.339136,126.41531259259261,107.996832,238.9870459259259,106.25510399999999,15.838103703703702,51.609,66.7687,185.94,0.141838908195
442_HC.png,62.65232,138.90839703703705,185.91388800000001,133.92995555555558,126.447072,254.01059555555554,122.119136,18.827757037037035,48.1948,62.07,173.21,0.125072255731
100_HC.png,56.405728,62.71023407407408,137.972128,165.07154962962963,56.121664,185.71392,138.256192,42.06786370370371,21.7974,25.9113,74.73,0.0652509618115
494_HC.png,54.99491200000001,124.47037629629631,172.253856,142.54881185185187,105.27856,252.31781925925927,121.970208,14.70136888888889,49.3281,67.4728,183.85,0.133893352908
724_HC.png,73.43344,119.87171555555555,194.612608,143.14221037037038,123.470048,252.1188503703704,144.576,10.895122962962963,77.2219,103.7615,284.71,0.202229336055
587_HC.png,90.15830400000002,162.23146666666668,182.568544,154.60375703703704,139.875168,251.79486814814817,132.85168,65.04035555555556,48.5928,66.2867,180.61,0.168007453283
457_HC.png,44.84192,129.86695111111112,171.928,139.61998222222223,104.455808,247.11296000000004,112.31411200000001,22.373973333333332,53.3581,63.6919,183.49,0.134174582121
179_HC.png,52.294143999999996,117.86647703703703,187.853856,142.4032237037037,109.78912000000001,254.84610370370373,130.358912,5.423597037037037,34.6647,43.0523,122.0,0.0812250087338
304_HC.png,85.695872,126.8903348148148,210.591744,133.3419614814815,145.358464,248.46070518518522,150.929152,11.771591111111112,48.5856,62.15,173.92,0.124407142401
432_HC.png,50.192928,128.85897481481481,184.78400000000002,133.6128,115.391648,261.52869925925927,119.58524799999999,0.9430755555555557,49.0504,64.1034,177.9,0.116587835689
479_HC.png,39.748864,110.5855525925926,176.00310399999998,143.86659555555556,93.24070400000001,258.73227851851857,122.511264,-4.280177777777777,49.1078,63.9854,177.8,0.113795968619
776_HC.png,70.923072,147.47885037037037,187.52492800000002,143.1992414814815,130.883264,244.56030814814818,127.564736,46.11778370370371,85.9548,98.7422,289.2,0.235820299103
149_HC.png,56.917312,102.6637274074074,176.212128,98.21022814814816,118.48713599999999,213.45758814814815,114.64230400000001,-12.583632592592593,27.7738,35.5226,99.4,0.0744776138619
124_HC.png,84.623936,148.62592,203.266528,136.64914962962965,148.6832,245.64901925925926,139.207264,39.62605037037037,28.0071,32.8281,95.3,0.0753651981923
640_HC.png,54.146080000000005,145.4982162962963,172.537312,147.68289185185185,112.37590399999999,261.45943703703705,114.30748799999999,31.721623703703706,51.488,67.4408,186.89,0.139156265391
703_HC.png,41.019584,120.22930962962964,193.801184,128.52124444444445,113.95788800000001,263.9934577777778,120.86288,-15.242856296296297,72.9383,89.983,255.8,0.15266642426
185_HC.png,56.62352,126.40341333333335,170.41536,133.94270814814814,110.193184,240.35868444444446,116.845664,19.98738962962963,28.9666,37.8656,105.0,0.0813770489615
545_HC.png,56.19824,129.7374814814815,172.0384,122.17775407407409,117.39865599999999,236.28013037037036,110.837952,15.635105185185186,51.553,66.2816,185.05,0.142273426056
050_HC.png,72.138592,69.93815703703704,156.945024,168.3544651851852,75.80528000000001,192.4076562962963,153.278336,45.884965925925925,19.9004,23.2082,67.5,0.0591132570716
624_HC.png,57.729856,145.90189037037038,163.721632,146.34396444444445,110.53395200000001,247.05498074074077,110.917536,45.190826666666666,55.1234,70.8642,197.77,0.166422555844
795_HC.png,59.571264,140.128,192.789344,138.9581748148148,126.666464,261.05178074074075,125.694144,18.034394074074076,93.5508,115.1929,327.57,0.224712256635
473_HC.png,69.080256,111.58599111111111,191.503744,119.03914666666667,127.16556800000001,228.02337185185186,133.4184,2.6017185185185188,49.3986,61.3973,173.85,0.129012893408
321_HC.png,50.17504,106.48557037037037,189.596256,111.36535703703704,117.71308800000001,245.16015407407406,122.058176,-27.30917925925926,47.4011,62.5289,172.9,0.108764767647
353_HC.png,75.837888,124.66721185185186,189.326688,143.00501333333335,124.902112,238.1567051851852,140.262464,29.515520000000002,50.7174,62.9372,178.27,0.14216280835
745_HC.png,47.158688000000005,82.01216000000001,187.00639999999999,157.52860444444445,86.97206399999999,242.15424000000002,147.193056,-2.6135229629629633,88.5076,104.5643,302.8,0.190277775893
142_HC.png,76.69600000000001,115.26736592592593,165.60272,109.08634074074075,123.73766400000001,193.88781037037037,118.56105600000001,30.465943703703704,30.7641,38.1702,107.99,0.110606994894
370_HC.png,100.261888,138.99055407407408,213.86617600000002,128.29463703703706,161.700448,241.72449185185187,152.427584,25.56069925925926,47.9521,61.5885,172.0,0.134799246852
141_HC.png,88.3336,100.19546074074074,202.944896,105.18276740740741,143.524576,209.3479822222222,147.75392,-3.9698014814814813,26.1537,32.8576,92.6,0.0729908027511
399_HC.png,73.456832,116.96526222222222,192.33759999999998,139.2403911111111,124.228384,229.6448,141.56608,26.560853333333334,51.5919,59.4908,173.96,0.137776202626
263_HC.png,54.277024000000004,131.4776177777778,187.694112,141.60701629629628,116.828896,256.7031940740741,125.142208,16.38144,46.7016,56.7828,162.33,0.111866672834
320_HC.png,38.588512,122.56720592592595,179.055648,122.18472296296298,108.985536,254.13959111111112,108.658624,-9.387662222222222,47.3341,59.9417,168.51,0.107832252979
019_HC.png,133.070432,178.2706725925926,162.69369600000002,99.7997511111111,178.56672,164.4588562962963,117.197408,113.61156740740742,22.3876,25.9385,75.38,0.118045111497
172_HC.png,61.78272,76.59851851851852,135.788736,162.0530725925926,64.873472,183.78439111111112,132.69795200000002,54.867200000000004,36.0808,42.4252,122.86,0.123050779831
659_HC.png,54.379072,101.33797925925927,156.239328,110.55563851851853,101.61331200000001,195.58561185185187,109.005088,16.30800592592593,67.5951,80.3046,231.6,0.211958910557
312_HC.png,61.564352,100.43463111111112,172.680128,123.89219555555556,105.95763199999999,228.23585185185186,128.28684800000002,-3.909025185185185,46.024,64.904,174.8,0.131218041244
390_HC.png,62.614368000000006,132.80739555555556,195.486944,132.78056296296296,129.06172800000002,253.2692385185185,129.039584,12.31872,50.7433,62.1119,177.06,0.122206152939
751_HC.png,56.146719999999995,119.54868148148148,188.49398399999998,99.12817777777778,131.100928,234.23909925925926,113.539776,-15.562287407407409,85.6973,109.182,306.1,0.206091231907
012_HC.png,100.63456000000001,127.14861037037036,159.866752,78.1548562962963,149.28224,153.15090962962964,111.219072,52.152557037037035,17.6934,20.3643,59.4,0.0834604501724
407_HC.png,50.782272000000006,126.5739851851852,188.07433600000002,143.8598162962963,112.04691199999999,263.88939851851853,126.809664,6.544402962962963,49.7529,62.9495,177.02,0.115547429684
408_HC.png,67.177184,111.38218666666667,209.921152,150.3532562962963,120.456608,276.31559111111113,156.641696,-14.580195555555555,45.9526,63.2111,172.0,0.10130942476
305_HC.png,74.460512,140.3903525925926,189.062176,141.33200592592596,131.333824,255.05151999999998,132.188864,26.67083851851852,48.375,65.0718,178.44,0.135074402835
354_HC.png,63.06512,145.26231703703704,191.453728,132.81384296296298,132.9072,266.8819911111111,121.611648,11.194168888888889,48.9222,65.7648,180.47,0.12167497379
025_HC.png,144.87772800000002,96.42107259259261,193.01856,205.58848,124.769088,193.7639822222222,213.12720000000002,108.24561777777778,20.4859,24.5643,70.51,0.0744776138619
601_HC.png,55.15648,122.62769777777778,209.56860799999998,121.23183407407407,132.960128,267.0117451851852,131.76496,-23.152213333333336,51.3067,65.0789,182.88,0.106324845172
169_HC.png,71.303456,190.37743407407407,153.98416,59.42755555555556,160.7696,191.59386074074075,64.517984,58.211081481481486,37.6846,41.0358,123.17,0.0996341466904
038_HC.png,65.389472,87.96515555555555,170.836864,132.20622222222224,100.07635200000001,204.44032,136.150016,15.731105185185186,20.7797,25.1015,71.9,0.0606736792139
175_HC.png,63.54672,153.4431762962963,197.334336,117.89662814814815,144.778784,254.1120948148148,116.102304,17.22770962962963,35.2919,42.1794,121.49,0.0830874294043
245_HC.png,62.141088,129.32631703703706,189.15856,121.02480592592593,129.77302400000002,263.63908740740743,121.526624,-13.287964444444444,40.8709,60.1478,159.56,0.102867471928
298_HC.png,75.75888,140.57652148148148,179.10672,107.3005037037037,141.413728,219.23977481481484,113.45183999999999,28.63725037037037,46.3507,57.7015,163.18,0.140243487226
698_HC.png,69.429728,141.5135881918819,169.900192,152.6764634686347,114.58873600000001,246.63167527675273,124.74118399999999,47.558376383763836,74.2568,99.6828,273.4,0.235841955457
416_HC.png,63.016352,127.8647940740741,176.56351999999998,139.29306074074074,114.223424,254.96576000000002,125.356448,12.192094814814816,41.6703,60.1389,160.6,0.117165695789
552_HC.png,56.804064,81.08909037037037,187.74063999999998,172.07698962962962,84.235232,246.72018962962963,160.309472,6.44589037037037,52.4385,64.9531,184.3,0.116026290627
272_HC.png,75.84470400000001,119.24887703703705,174.25068800000003,163.39015111111112,106.701824,231.08461037037037,143.393568,51.55446518518519,50.8179,62.5802,177.76,0.158160720021
616_HC.png,50.252096,122.34472296296296,179.489568,115.26153481481481,117.978592,243.25323851851854,111.763104,-5.646980740740741,51.2896,66.676,185.4,0.126909369077
154_HC.png,91.23830400000001,69.2255288888889,151.305056,197.96304592592594,67.100768,189.06799407407408,175.44259200000002,78.12053333333334,28.0805,35.01,98.94,0.0850624856302
126_HC.png,47.005472,124.62435555555557,169.59830399999998,95.97824000000001,119.90896000000001,219.32335407407408,96.69481599999999,1.2792414814814814,23.0535,27.677,79.53,0.0594409271365
449_HC.png,75.012224,105.97290666666667,184.48281599999999,118.43124148148148,124.49846400000001,213.43227259259262,134.996544,10.971828148148148,51.1225,63.8203,180.3,0.149000322118
575_HC.png,64.218048,144.89543111111112,145.44768,119.74357333333334,115.18495999999999,205.69709037037038,94.4808,58.94191407407408,49.447,60.3007,171.79,0.190673630971
341_HC.png,85.17532800000001,135.1769125925926,200.905664,124.35299555555555,147.61398400000002,237.09003851851853,138.46700800000002,22.439822222222226,50.2906,62.9614,177.71,0.13877964682
430_HC.png,62.923488,135.90940444444445,186.61081600000003,140.02033777777777,122.86713599999999,263.43277037037035,126.667136,12.496971851851853,47.8899,65.5821,178.66,0.123868055642
287_HC.png,70.310112,86.11716740740741,186.502304,154.88161185185186,100.667744,223.36905481481483,156.14464,17.629724444444445,50.5334,60.398,173.9,0.129241209764
113_HC.png,137.056768,220.0882251851852,153.900576,103.0048237037037,195.75635200000002,177.42146370370372,95.201024,145.6715851851852,24.5208,31.1989,87.32,0.0971043339142
676_HC.png,57.140159999999995,144.34029037037038,185.344832,142.98624,121.820832,263.8449777777778,120.66416,23.481552592592593,63.3612,80.1847,225.4,0.158146116883
173_HC.png,79.93584,176.2386962962963,94.771328,96.24618666666666,119.206816,149.2082251851852,55.50035200000001,123.27670518518521,35.3362,41.6918,120.1,0.201936020996
359_HC.png,61.40864,139.49582222222224,186.264608,137.31593481481482,124.79945599999999,259.44481185185185,122.873792,17.366897777777776,49.128,64.2952,178.28,0.125903949142
485_HC.png,82.25484800000001,130.77333333333334,219.16416,126.57431703703705,152.515168,257.89065481481487,148.903808,-0.5430044444444444,49.796,63.4475,177.9,0.116363999455
057_HC.png,78.843488,125.78877629629629,201.74601600000003,140.28581925925926,133.66073599999999,256.475685925926,146.928768,9.598862222222222,20.1232,27.2847,74.61,0.0522291660309
653_HC.png,89.18195200000001,132.80402962962964,175.496992,128.6643674074074,134.180256,214.97296592592593,130.49868800000002,46.49538370370371,63.643,83.8513,231.5,0.235823151611
222_HC.png,59.786112,107.82250666666667,204.38156800000002,122.72910222222224,125.135872,263.1954962962963,139.031808,-32.643887407407405,42.4554,58.6325,159.3,0.0937302213795
280_HC.png,54.295456,126.55653925925925,196.31833600000002,101.52865185185186,135.60793600000002,242.33713777777777,115.00585600000001,-14.251946666666667,49.5463,60.422,172.56,0.110854208469
017_HC.png,111.40111999999999,78.28181333333333,160.77945599999998,167.55105185185187,97.43952,169.8394074074074,174.74108800000002,75.99350518518519,22.1712,28.4427,79.32,0.0910701968453
127_HC.png,141.56300800000002,130.51183407407407,148.176096,237.30711703703705,103.728896,189.5008237037037,186.010176,178.31812740740742,27.8933,31.838,93.27,0.123303285459
322_HC.png,77.63052800000001,107.80254814814815,189.538496,111.23427555555557,132.198656,208.70428444444445,134.970336,10.33253925925926,50.8162,60.803,174.9,0.145277494893
255_HC.png,62.741472,128.22864592592595,187.914656,136.37456592592594,121.74608,253.10682074074074,128.91004800000002,11.49639111111111,44.7589,58.3159,161.99,0.114313946529
542_HC.png,63.789120000000004,137.00513185185187,182.56432,138.40222814814817,122.569856,250.93869037037038,123.78358399999999,24.468717037037038,49.3535,63.5195,177.28,0.132962402545
470_HC.png,72.913568,113.72302222222223,202.477984,117.5307851851852,136.045728,238.8544474074074,139.345824,-7.600592592592593,50.319,64.6082,180.55,0.124254144728
602_HC.png,61.520736,106.66244740740741,172.114944,110.77541925925927,115.027136,214.39748740740743,118.60851199999999,3.040426666666667,50.7461,65.4622,182.49,0.146785597591
468_HC.png,66.822528,129.55107555555554,206.884928,144.65109333333334,130.571424,264.9969777777778,143.136064,9.205191111111112,51.9075,63.988,181.9,0.118279989277
774_HC.png,62.41648,134.62120296296297,183.119712,128.9844148148148,125.157088,244.08163555555555,120.37910400000001,19.523982222222223,80.8941,101.5849,286.4,0.214354205639
190_HC.png,43.180064,115.2447525925926,182.443808,129.20533333333336,106.869152,252.33664000000002,118.75472,-7.886554074074074,38.122,48.0825,135.4,0.087396800518
115_HC.png,132.49552,136.1754548148148,166.882112,57.36651851851852,184.718592,130.3171792592593,114.65904,63.224794074074076,21.359,28.13,77.52,0.107903929167
708_HC.png,61.951584000000004,144.9024,158.453056,149.20277333333334,108.39772800000001,235.93125925925926,112.006912,58.173961481481484,77.9913,96.9713,274.24,0.258503021338
715_HC.png,71.50150400000001,137.9848059259259,180.79552,142.37463703703705,124.212,245.9981748148148,128.085024,34.36126814814815,80.5473,105.281,291.9,0.235746460302
506_HC.png,67.349888,101.00916148148148,182.19484799999998,161.7965037037037,98.723072,239.41869037037037,150.821696,23.386974814814813,50.7335,64.4175,180.8,0.133120878537
094_HC.png,164.592352,133.79152592592592,166.552064,216.51346962962964,132.726912,176.86030222222223,198.417504,173.44474074074074,22.8646,26.8994,77.59,0.130954792625
180_HC.png,56.050464000000005,88.83939555555556,163.774944,101.20177777777778,105.079712,187.45239703703703,114.74569600000001,2.5887762962962966,38.813,44.9592,131.15,0.114951298155
301_HC.png,70.132,153.83395555555555,176.277984,134.8709451851852,130.914272,239.06384592592593,115.49571200000001,49.64100740740741,49.1279,59.1781,169.7,0.147041520652
621_HC.png,65.040512,116.41140148148148,203.75196800000003,125.7240651851852,130.23728,257.02992592592597,138.555232,-14.894459259259259,52.8264,69.9021,193.06,0.12174270502
585_HC.png,51.488192,132.17626074074076,192.559648,118.5317925925926,128.313536,268.07869629629636,115.734304,-17.37064296296296,50.3239,68.7334,187.51,0.113909813491
594_HC.png,41.997792,158.4256,154.25744,101.49684148148148,123.3424,239.09006222222223,72.912864,20.832426666666667,52.9954,69.5485,192.6,0.14292376382
608_HC.png,67.21244800000001,128.28321185185186,191.579488,96.92852148148148,142.956736,230.65969777777778,115.8352,-5.447964444444445,52.2383,66.9418,187.2,0.132505658426
763_HC.png,81.241056,142.92816592592592,176.502624,99.07977481481481,146.983168,207.36279703703704,110.760512,34.6451437037037,87.5981,107.2056,305.24,0.281006263362
714_HC.png,83.03088,138.4594962962963,204.85500800000003,137.95228444444447,144.164768,255.12414814814818,143.72115200000002,21.28763259259259,76.9682,99.7227,277.6,0.202174403451
682_HC.png,72.5528,144.27610074074076,190.45888,136.43098074074075,135.045888,257.1256414814815,127.96575999999999,23.58144,64.8972,86.7686,238.51,0.175955295563
005_HC.png,78.226528,131.90921481481482,128.30428799999999,93.03561481481482,118.838624,156.5037037037037,87.69216,68.44112592592593,20.4614,24.2876,69.8,0.115813952546
791_HC.png,74.588224,190.56749037037036,158.30713599999999,74.27090962962963,163.428704,206.64784592592594,69.466656,58.19055407407408,93.3199,111.7007,321.3,0.260203225272
045_HC.png,81.116576,200.78904888888889,165.73417600000002,71.39678814814815,176.853504,212.77866666666668,69.99728,59.40717037037037,20.9284,25.605,72.99,0.0550714298919
731_HC.png,58.42635246523388,110.84456470588235,189.4732702907712,114.03397647058824,122.50612996207335,237.85190588235292,125.39349279393174,-12.973364705882354,80.2927,105.6923,292.44,0.198267793655
157_HC.png,97.97840000000001,88.34389333333334,158.865312,146.80400592592594,105.275552,170.48400592592594,151.56816,64.66389333333333,31.0776,36.4583,105.5,0.13706457125
609_HC.png,72.827872,120.06641777777777,202.185088,134.72350814814814,130.615104,260.8828207407408,144.397888,-6.092894814814815,52.4916,73.1265,197.95,0.129474095809
171_HC.png,81.256,135.08143407407408,192.026656,143.4374162962963,133.2936,236.66204444444446,139.989056,41.85680592592593,35.406,42.0298,121.31,0.10215045238
016_HC.png,89.647552,171.4053688888889,177.16572800000003,106.86724740740742,160.675872,220.29724444444446,106.13744000000001,57.975371851851854,18.4236,23.0652,65.05,0.0603058395616
511_HC.png,56.03248,129.49831111111112,181.38675200000003,98.82785185185186,132.575264,238.54345481481482,104.843968,-10.217291851851853,48.5581,65.0441,178.73,0.12230063357
048_HC.png,57.278527999999994,113.29744592592593,147.351648,130.8384237037037,94.742336,207.41475555555556,109.88784,36.72111407407408,20.6475,26.4115,73.8,0.0727281622265
780_HC.png,66.93734400000001,159.34222222222223,187.67296,95.53820444444445,153.24780800000002,235.18445037037037,101.362496,19.695976296296298,88.7616,106.9344,306.87,0.221580094761
515_HC.png,66.473984,100.91107555555556,176.572768,166.3924148148148,92.818272,239.58115555555554,150.22848,27.722334814814815,49.9185,64.838,180.29,0.134642373871
762_HC.png,79.000832,142.65571555555556,174.119232,134.93086814814816,129.906176,229.22377481481482,123.21385599999999,48.3628562962963,77.4931,99.4596,277.6,0.260313579014
480_HC.png,62.697376000000006,136.05034666666668,195.87216,150.81761185185186,123.243296,263.01340444444446,135.32624,23.854554074074073,51.5803,62.5248,178.99,0.123594366474
283_HC.png,49.79875200000001,151.74921481481482,193.55328000000003,130.8746903703704,130.285696,271.4440533333334,113.06633599999999,11.179851851851852,42.6979,52.1799,148.9,0.0945929761203
660_HC.png,50.552384,156.37186370370372,191.659872,99.76922074074075,144.764832,257.51893333333334,97.447424,-1.3778014814814814,63.7358,78.934,224.0,0.139514820443
225_HC.png,64.308928,134.13428148148148,193.494368,137.23614814814817,127.472928,266.2802962962963,130.33033600000002,5.090133333333333,42.9476,58.6119,159.9,0.106369681815
026_HC.png,91.28896,158.4103348148148,107.07504000000002,71.97307259259259,135.60886399999998,129.79285333333334,62.755104,100.59055407407408,21.3955,26.7158,75.2,0.11327272789
636_HC.png,95.06019200000001,109.98959407407408,186.495936,114.77968592592593,138.74307199999998,197.64186074074075,142.813056,27.127371851851855,57.7879,72.7422,204.6,0.202115569452
437_HC.png,45.792736000000005,128.4793362962963,183.41187200000002,139.54702222222224,109.51312,272.90074074074073,119.691488,-4.874382222222223,48.7165,66.3734,181.23,0.113111890175
364_HC.png,43.257824,131.52426666666668,162.96940800000002,126.9067851851852,105.171904,246.3353362962963,101.05532800000002,12.095715555555556,53.3374,70.4466,194.6,0.142527469567
229_HC.png,78.96499200000001,128.62639407407408,170.149728,138.01514666666668,120.300768,224.05451851851853,128.813952,42.58706962962963,42.537,57.1409,156.6,0.148918400793
037_HC.png,98.824064,160.34678518518518,129.580992,53.50125037037038,158.18332800000002,134.7110874074074,70.22169600000001,79.13699555555556,22.6006,27.5646,78.5,0.092240974859
775_HC.png,55.681376,106.76484740740742,188.74944,124.88722962962964,114.54134400000001,239.4993777777778,129.889472,-7.847300740740741,87.9661,110.37,311.4,0.210651196932
374_HC.png,60.239712,121.38880000000002,182.88192,149.3637688888889,109.93315199999999,247.25722074074076,133.18848,23.495395555555557,49.7859,61.3135,174.29,0.128389337124
469_HC.png,87.218176,118.19557925925926,206.81119999999999,115.05133037037037,148.315744,225.2333037037037,145.713632,8.013605925925926,48.234,59.1358,168.4,0.129041503637
777_HC.png,45.41596800000001,138.49249185185187,182.26112,129.01584592592593,117.847904,260.82337185185185,109.82918400000001,6.684965925925926,84.8926,106.4178,300.4,0.198297023773
688_HC.png,91.466528,156.58017185185184,172.67872,134.78125037037037,141.189216,220.2245688888889,122.956032,71.13680592592593,60.8069,75.349,213.2,0.235758792786
596_HC.png,66.430656,127.49250370370372,190.86083200000002,128.22186666666667,128.34896,238.9879466666667,128.942528,16.726423703703706,50.8201,61.2743,175.76,0.130694320327
194_HC.png,67.33961599999999,110.90654814814815,185.895232,113.0348562962963,125.71632,222.13807407407407,127.518528,1.803282962962963,42.4994,53.3148,150.37,0.114704086022
690_HC.png,58.64928,136.6430814814815,188.082016,119.74049185185186,130.857504,254.10493629629633,115.87382400000001,2.278637037037037,72.1194,94.7137,262.3,0.177614071539
766_HC.png,69.347168,124.64938666666667,208.385088,158.285842962963,124.22265600000001,274.31708444444445,153.5096,8.618145185185185,80.2675,103.5381,288.9,0.182323239066
503_HC.png,55.961856,92.70769777777778,169.17513599999998,102.73815703703704,108.072192,209.10701037037038,117.06479999999999,-13.661155555555556,45.5183,60.4569,166.6,0.12842910412
779_HC.png,81.642048,128.17588148148147,156.4504,74.36724148148149,141.49616,169.7738903703704,96.596288,32.769232592592594,84.7482,104.7658,296.76,0.326113700867
675_HC.png,59.707456,70.06748444444445,135.838272,167.76542814814815,59.461760000000005,184.43922962962964,136.084,53.39368296296297,66.4054,77.1559,224.7,0.210975546586
778_HC.png,64.725536,132.07504592592593,180.74457600000002,124.71243851851851,125.714592,231.44087703703704,119.75555200000001,25.346607407407408,87.4235,104.8258,301.3,0.240907640342
162_HC.png,94.81430399999999,124.26704592592594,207.117344,99.39280592592593,160.837088,209.64517925925927,141.094592,14.014625185185187,31.2532,36.7489,106.52,0.0880751379749
662_HC.png,64.913888,111.6038162962963,195.984544,113.68452740740742,129.566496,234.68382814814817,131.331904,-9.395531851851851,61.1799,76.9021,216.8,0.149357949986
152_HC.png,87.842176,130.6047525925926,181.98432,131.5718637037037,134.50643200000002,218.00604444444446,135.320064,44.170571851851854,26.7769,33.3747,94.28,0.0910154689442
737_HC.png,73.398016,129.5538251851852,196.1264,146.4510577777778,128.03612800000002,245.22448592592593,141.48828799999998,30.78039703703704,85.3227,100.6323,291.4,0.221514463425
576_HC.png,87.533056,67.30002962962963,190.897408,163.5372088888889,97.434816,213.90885925925926,180.99564800000002,16.92837925925926,48.1428,61.9281,172.9,0.126191526651
617_HC.png,87.142336,114.11456,206.69584,134.90014814814816,138.386816,232.21769481481482,155.45136,16.797013333333332,54.6113,66.4219,189.78,0.145177692175
111_HC.png,64.8216,182.81566814814815,170.001856,91.87474962962963,156.589952,236.79687111111113,78.23350400000001,37.89354666666667,23.3845,29.8496,83.6,0.0614457844216
226_HC.png,71.608128,160.8320948148148,190.64608,120.51816296296296,147.066368,243.97283555555555,115.18784,37.37742222222222,49.8127,58.3551,169.48,0.130539991354
567_HC.png,76.292736,110.09602370370371,216.14691200000001,108.48938666666666,146.90006400000001,239.25271703703706,145.539584,-20.66730666666667,49.1922,61.7113,174.16,0.112553272354
103_HC.png,96.240096,148.0101925925926,161.36,102.57654518518518,148.87916800000002,188.45781333333335,108.72095999999999,62.12887703703704,23.2617,30.4604,84.21,0.103414341347
421_HC.png,51.080064,140.0043614814815,185.97792,140.57647407407407,118.282976,267.6048118518518,118.77497600000001,12.976023703703705,48.4717,61.7582,173.16,0.114982388485
419_HC.png,46.583584,139.5232237037037,161.09392,101.44175407407408,118.36953600000001,216.38110814814814,89.307968,24.583869629629632,55.0215,62.2062,183.5,0.150024439349
119_HC.png,73.68784,188.96421925925927,137.50259200000002,178.10029037037037,110.13939200000002,242.11678814814817,101.05104,124.94772148148148,22.9446,28.4365,80.32,0.114303976297
053_HC.png,115.45407999999999,158.6732562962963,168.19187200000002,104.11415703703705,164.701472,179.93092740740744,118.944448,82.85648592592592,21.6408,26.8881,75.88,0.107659570714
151_HC.png,84.08243200000001,123.41105777777778,158.442016,123.08707555555556,121.39344,189.3559940740741,121.13097599999999,57.14218666666667,29.2298,35.0808,100.54,0.125787496567
403_HC.png,55.152064,137.46351407407408,175.864864,143.2058311111111,113.119872,250.5387614814815,117.897024,30.130583703703703,49.9062,61.5082,174.76,0.132229234043
759_HC.png,64.27251199999999,142.33472,195.19216,143.59841185185186,129.191104,266.0291318518519,130.273536,19.904,82.6446,104.8744,294.5,0.201999587242
207_HC.png,83.57417600000001,114.4793125925926,210.24169600000002,131.41921185185186,139.46713599999998,245.06415407407405,154.348768,0.8343703703703704,43.0732,56.0589,155.8,0.108375141154
683_HC.png,55.429088,140.98313481481483,170.771552,141.31550814814815,112.953216,253.18314666666672,113.247424,29.1154962962963,67.5574,88.5863,245.36,0.187427313239
623_HC.png,83.590912,99.25541925925926,207.65008000000003,122.72118518518519,135.956448,223.1243851851852,155.284544,-1.1477807407407408,56.2821,68.6785,196.0,0.144005894661
008_HC.png,85.567776,142.43015111111112,155.720832,174.68771555555557,107.2848,222.32613925925926,134.00380800000002,94.79172740740741,17.8253,21.8737,62.1,0.0776550861505
657_HC.png,79.319392,118.81348740740741,195.776736,101.89672296296297,145.6224,232.35233185185186,129.473696,-11.642121481481482,54.9751,77.7469,209.2,0.15033893513
036_HC.png,66.39353600000001,151.8733274074074,137.46678400000002,100.0690251851852,123.41727999999999,190.67226074074074,80.443008,61.27013925925927,21.1975,26.0509,73.96,0.0856360690347
452_HC.png,68.47344,115.50260148148148,197.249888,140.5176414814815,121.965152,251.1263288888889,143.758208,4.893961481481481,46.6052,60.1515,167.75,0.11482749473
253_HC.png,67.895168,132.7743525925926,192.451904,143.25845333333334,125.369216,263.28993185185186,134.977824,12.742874074074075,44.9716,61.0611,166.89,0.115351060341
303_HC.png,68.681696,107.8368237037037,193.28736,139.7714014814815,116.64598400000001,246.59745185185187,145.323104,1.0108207407407408,46.7103,62.1418,171.2,0.118201211804
610_HC.png,93.46041600000001,160.90576592592592,165.01216,131.10836148148147,141.8224,212.33948444444445,116.65017599999999,79.67459555555556,54.7893,68.5702,193.1,0.235891001565
583_HC.png,72.648704,149.14877629629632,176.179808,169.54036148148148,115.003424,264.21195851851854,133.825088,54.47722666666667,49.1239,67.1731,182.97,0.15051054232
591_HC.png,51.66150400000001,132.45828740740743,181.4456,144.2405925925926,111.012608,272.3073422222222,122.094496,4.391537777777779,47.6996,66.4654,179.9,0.11738960133
262_HC.png,52.382079999999995,125.7875911111111,200.372768,113.68182518518519,131.74467199999998,263.7426251851852,121.010176,-24.273161481481484,45.0269,59.1505,163.87,0.0972135900294
297_HC.png,80.617792,147.30666666666667,187.702336,142.66742518518518,136.393184,258.1173570370371,131.926976,31.856782222222225,45.7299,65.2208,174.89,0.136595851666
414_HC.png,74.74096,119.97681777777778,189.38384,120.8434725925926,131.717376,220.58277925925927,132.407424,20.23751111111111,49.2964,58.1501,168.33,0.137598042687
150_HC.png,93.833984,75.47273481481481,150.00656,108.7404088888889,107.72505600000001,144.71267555555556,136.115488,39.500468148148144,24.9989,31.6057,88.5,0.132236841478
679_HC.png,83.409856,69.2485688888889,206.85110400000002,133.11080296296296,119.20368,211.17079703703703,171.05728,-8.811425185185186,70.0543,84.2686,242.0,0.171450263467
718_HC.png,80.454784,67.12225185185186,159.556768,175.07422814814814,75.883488,192.05722074074075,164.12806400000002,50.13925925925926,80.9539,98.0374,280.5,0.240869177393
550_HC.png,88.419648,101.04519111111112,203.966432,116.6053925925926,139.69728,214.6935940740741,152.68883200000002,2.95698962962963,43.8339,54.219,153.8,0.120896929648
488_HC.png,96.339232,118.81514666666666,159.78643200000002,77.30052740740742,145.074912,155.12163555555557,111.05075199999999,40.99403851851852,51.8564,62.9629,179.5,0.239245579356
147_HC.png,76.47696,133.8195911111111,191.085376,140.33886814814815,131.144128,238.8288,136.41824,35.32970666666667,29.355,35.1829,101.14,0.0819022880226
146_HC.png,51.745376,143.3944177777778,139.5976,90.27640888888888,118.07692800000001,198.16661333333334,73.266048,35.50426074074074,28.2713,35.3332,99.7,0.0953428518204
800_HC.png,69.44784,138.60868740740742,192.554592,143.72096000000002,128.827456,256.05229037037043,133.17497600000002,26.27735703703704,90.7235,114.2995,321.83,0.235731332075
748_HC.png,67.156896,121.35698962962964,197.727456,140.05731555555556,124.864,246.83922962962964,140.02032,14.575075555555555,81.6394,98.0258,281.74,0.199151945114
605_HC.png,77.67568,128.64566789667896,165.947104,125.28550258302583,123.246272,209.0864885608856,120.376512,44.844634686346865,51.8495,65.3609,183.7,0.18790156753
348_HC.png,59.172064,129.84879407407408,208.509344,136.85888,130.470368,290.93783703703707,137.21104,-24.230162962962964,44.6658,63.6287,170.9,0.0956618957795
463_HC.png,57.721344,129.84718222222224,172.29779200000002,130.3538251851852,114.79936,234.4237511111111,115.21977600000001,25.777256296296297,48.9468,60.165,171.1,0.136702705074
325_HC.png,57.924544,128.1298962962963,198.36796800000002,125.12938666666666,129.48201600000002,263.85095111111116,126.810496,-10.591668148148148,45.4811,59.9908,165.9,0.103617763768
186_HC.png,72.268608,224.07381333333336,174.941312,60.33024,186.293024,228.47369481481482,60.916896,55.93040592592593,38.8884,44.113,130.5,0.0824905418959
123_HC.png,75.6608,123.48387555555556,149.575456,190.40654222222224,86.65068799999999,219.89281185185186,138.585568,93.99760592592592,27.4774,31.5906,92.36,0.101503182431
689_HC.png,77.485184,144.5767111111111,194.352096,106.7544651851852,151.657408,232.40078222222223,120.179872,18.930394074074076,70.5481,86.9832,247.1,0.188721219699
143_HC.png,111.682816,112.02607407407409,192.37769600000001,109.26065777777778,153.300672,192.00730074074076,150.759808,29.279431111111112,27.7258,37.7401,102.83,0.109918596952
785_HC.png,69.523488,131.25617777777776,207.672864,108.24305777777778,147.400608,235.72593777777777,129.795712,3.7732977777777776,93.1057,105.519,311.16,0.214313344753
197_HC.png,61.596416,120.53039407407408,195.570144,126.22639407407408,125.93897600000001,259.88456296296295,131.227584,-13.127774814814815,43.6691,60.0677,163.4,0.104261947175
279_HC.png,56.07737600000001,120.85940148148148,192.339296,141.5640177777778,114.22780800000001,275.3742222222222,134.188864,-12.950802962962964,44.3437,63.3349,169.9,0.103594052295
293_HC.png,74.293216,127.69829925925927,195.934112,118.2143051851852,139.131968,236.07201185185187,131.095392,9.840592592592593,47.5987,59.7547,168.5,0.125044643879
400_HC.png,54.898272,116.3603437037037,175.54416,118.88545185185185,114.153632,229.57411555555558,116.2888,5.671727407407408,47.6204,59.6544,168.35,0.126295179129
122_HC.png,101.42886399999999,131.19350518518522,167.287424,185.70211555555557,112.896224,215.36037925925928,155.820064,101.53524148148149,26.8308,31.3013,90.83,0.113811194897
183_HC.png,82.89536,188.91207111111112,180.732288,100.17455407407408,168.29500800000002,232.82218666666668,95.33264,56.26448592592593,35.4887,43.2293,123.42,0.098995496245
202_HC.png,59.579648,83.94273185185186,177.534112,107.16861629629629,108.54688,207.13092740740743,128.56684800000002,-16.019531851851855,43.8816,56.0363,156.9,0.11800904835
438_HC.png,74.79305599999999,130.3781925925926,190.736,117.1519525925926,138.56563200000002,235.3765925925926,126.96345600000001,12.153552592592593,46.9804,61.0541,169.72,0.129282046587
246_HC.png,73.52112,105.91616,164.165952,108.12444444444445,117.81475200000001,199.70161777777778,119.87228800000001,14.338986666666669,47.0885,64.9976,176.28,0.166212121646
415_HC.png,66.503296,125.24008296296296,184.154368,126.1024237037037,124.98931200000001,227.33515851851854,125.668352,24.007395555555558,52.0308,60.6967,176.57,0.141517293285
717_HC.png,58.885600000000004,117.27383703703704,195.632832,141.44967111111112,116.363424,264.62738962962965,138.154976,-5.9038814814814815,74.2121,99.1009,272.72,0.172439053141
129_HC.png,109.71612800000001,82.33618962962963,151.34643200000002,165.10189037037037,96.10012800000001,161.72946962962965,164.962432,85.70861037037037,28.2695,34.8454,98.72,0.129840404559
402_HC.png,70.16315994993742,150.26781669627,196.1025041301627,130.25007175843695,142.04952991239048,253.24552184724692,124.21613416770964,27.272366607460036,50.1791,63.4425,178.4,0.12686673599
638_HC.png,81.65152,152.30942814814816,157.420288,155.35189333333335,118.200288,226.83387259259263,120.87152,80.82744888888888,57.0372,74.1897,205.7,0.24080101266
628_HC.png,48.866719999999994,114.53795555555556,194.53936000000002,123.91262814814814,117.61696,258.5797214814815,125.78912000000001,-20.12913777777778,50.6902,65.4638,182.6,0.111246652073
733_HC.png,87.61872,87.3728,165.73792,187.88555851851854,83.25484800000001,211.7010488888889,170.101792,63.55726222222223,76.263,97.621,272.9,0.235860943794
219_HC.png,77.07392,128.34436740740742,192.24928,128.4153837037037,134.625504,256.9076148148148,134.697728,-0.14786370370370372,39.1877,59.0365,155.27,0.108877977599
735_HC.png,86.001184,116.60951703703704,186.48224,95.37611851851852,146.151104,208.91401481481483,126.332288,3.0716207407407405,77.1186,106.6384,289.2,0.24313708631
798_HC.png,59.630592,163.7150814814815,194.85264,107.66132148148148,150.213984,257.3183051851852,104.269248,14.058145185185186,90.4107,109.786,314.1,0.206041114846
738_HC.png,59.436288000000005,98.55900444444444,175.75776000000002,185.16280888888892,82.35964799999999,245.73786074074076,152.834432,37.983952592592594,82.164,99.0545,284.2,0.201963294636
768_HC.png,56.017536,136.04442074074075,184.958528,134.81799111111113,121.042688,263.41797925925925,119.933344,7.444432592592593,86.271,115.6039,317.62,0.214099097759
622_HC.png,67.7224,148.41140148148148,187.243264,133.0516859259259,134.883488,267.12476444444445,120.082176,14.338275555555557,49.4758,70.6329,189.41,0.131968808802
386_HC.png,45.933408,117.45957925925926,162.029312,100.47488,111.249408,218.00305777777777,96.713312,-0.06859851851851852,48.2159,61.133,171.65,0.132256071819
781_HC.png,56.960064,137.2172325925926,167.51468799999998,137.59009185185187,112.089056,233.92303407407408,112.38569600000001,40.88429037037037,90.1672,106.2723,307.7,0.260988024922
509_HC.png,88.61152,116.48047407407408,220.654784,151.82468740740742,139.750272,256.1857896296296,169.516064,12.119371851851852,52.6299,65.6641,185.7,0.125513508916
267_HC.png,77.068832,86.49614222222222,187.296096,92.45705481481482,129.75248,188.09784888888888,134.612448,-9.14469925925926,48.8069,58.9517,168.9,0.141596640859
667_HC.png,47.715328,133.0202074074074,194.87084800000002,134.9023288888889,120.468064,275.53355851851853,122.118112,-7.611022222222223,61.9487,80.4577,223.9,0.13470680327
441_HC.png,73.062912,134.97618962962963,200.988256,146.44356740740741,131.7688,269.4181925925926,142.2824,12.001564444444444,47.5517,64.5877,176.52,0.118731501557
496_HC.png,62.616319999999995,134.6559051851852,173.049728,133.90492444444445,118.13782400000001,232.66465185185186,117.528192,35.89617777777778,50.6294,60.8922,174.77,0.146705885144
112_HC.png,89.98918400000001,169.79659851851852,159.726976,165.2229688888889,127.013056,239.62680888888892,122.703136,95.39275851851852,22.9532,32.044,86.4,0.105220439533
232_HC.png,63.52736,120.39661037037038,192.459456,122.91773629629631,126.816736,253.73212444444442,129.17008,-10.417730370370371,44.1165,61.009,165.6,0.109484364157
704_HC.png,82.358944,135.50464000000002,173.786336,131.6671051851852,129.760512,221.84433777777778,126.38476800000001,45.327454814814814,74.4207,96.9856,269.0,0.260371294889
607_HC.png,38.972416,93.37618962962962,159.80105600000002,123.76092444444446,86.366176,222.20994370370371,112.407296,-5.07282962962963,52.052,66.0903,185.5,0.135909431689
373_HC.png,70.2352,142.85866666666666,184.13865600000003,136.98830222222222,129.599072,242.6467555555556,124.774784,37.20021333333334,51.2876,62.4421,178.3,0.144000002316
233_HC.png,94.955712,125.58174814814815,179.161632,133.46261333333334,133.84208,204.95469037037037,140.27526400000002,54.08967111111111,46.7947,56.5909,161.8,0.1774758952
651_HC.png,51.90092800000001,111.79112296296297,181.65216,118.30513777777779,114.01763199999999,235.66122666666666,119.535456,-5.564965925925926,60.4543,75.8654,214.0,0.149010314661
317_HC.png,65.45948800000001,131.45481481481482,201.818848,137.4662162962963,130.92262399999998,269.70595555555553,136.355744,-0.7849244444444444,44.5301,59.6245,163.9,0.10445424666
410_HC.png,69.869408,92.8127525925926,173.52662400000003,100.02180740740741,118.643936,192.79853037037037,124.75206399999999,0.03607703703703704,51.0074,64.0265,180.43,0.157291665673
723_HC.png,65.2264,123.72224000000001,205.493216,133.76023703703706,130.919808,264.9114548148148,139.79980799999998,-7.429025185185186,74.887,98.1448,272.1,0.17064561104
358_HC.png,88.63414399999999,136.5119525925926,201.852384,114.17846518518519,154.706208,230.63314962962966,135.780288,20.05726814814815,48.0919,60.3765,170.2,0.134737676865
258_HC.png,81.730464,50.252894814814816,181.073216,123.05000296296298,102.62678400000001,172.83621925925925,160.176896,0.466725925925926,51.5841,60.4148,175.4,0.148937439217
627_HC.png,100.691968,180.5312,162.862752,105.06989037037037,162.709824,198.73365333333334,100.844896,86.86743703703704,55.6912,67.6399,193.0,0.221732656161
632_HC.png,33.031136000000004,133.38898962962963,188.13574400000002,126.84951703703703,113.32380800000001,272.77349925925927,107.84307199999999,-12.534992592592593,56.2172,69.8012,197.9,0.115936100483
282_HC.png,83.27712,134.70738962962963,134.343488,204.65445925925926,80.67392,214.76527407407409,136.94665600000002,124.59657481481482,47.6254,56.7628,163.1,0.219130438307
376_HC.png,46.554880000000004,126.9515851851852,189.73136,121.04021333333334,120.69526400000001,259.6658251851852,115.59094400000001,-11.674074074074074,46.7451,59.7973,167.43,0.104434875151
384_HC.png,47.764352,103.59433481481481,161.80691199999998,110.74024296296297,101.36451199999999,226.9982340740741,108.206752,-12.663703703703703,43.4425,61.6242,165.61,0.12178959643
224_HC.png,58.612608,131.33719703703704,177.86777600000002,134.6662874074074,116.756032,249.68941037037035,119.724352,16.314121481481482,44.9712,59.4041,164.08,0.120650903288
765_HC.png,73.458656,147.6478577777778,191.053472,143.82847999999998,133.98336,262.4597807407407,130.5288,29.01650962962963,81.46,109.1544,299.8,0.221616334385
789_HC.png,78.508864,99.02999703703705,170.065504,123.18610962962964,113.59644800000001,200.0409125925926,134.977888,22.175146666666667,86.9028,113.9568,315.3,0.299029385866
472_HC.png,77.96998400000001,135.44912592592596,185.27209599999998,127.87479703703706,135.04585600000001,238.14821925925926,128.196224,25.175703703703704,47.0505,63.0353,173.08,0.14015664657
347_HC.png,44.579648,113.61270518518519,175.005504,130.79774814814814,102.192832,248.79677629629631,117.39232,-4.386322962962963,45.1679,59.1841,164.05,0.110383835104
505_HC.png,54.51312,114.40682666666667,196.84992,120.6541274074074,122.811456,261.0482725925926,128.551584,-25.98731851851852,48.1678,65.566,179.11,0.108242754055
639_HC.png,106.112448,82.9816888888889,168.217408,150.28811851851853,110.046752,171.5538488888889,164.28310399999998,61.71595851851852,62.4998,74.6119,214.4,0.259912973875
794_HC.png,34.1464,114.1522962962963,194.628736,129.38458074074074,108.42217600000001,259.7092977777778,120.35296000000001,-16.17242074074074,91.0698,105.6754,308.5,0.181220620871
746_HC.png,89.012512,100.81493333333333,184.78832,124.7699911111111,126.568832,203.45296592592592,147.232,22.13195851851852,79.0248,100.9855,282.4,0.26034816519
728_HC.png,65.663776,131.0577303703704,184.23756799999998,135.9455288888889,122.85641600000001,245.00698074074074,127.044928,21.99623111111111,81.7898,103.8341,291.4,0.220644185831
619_HC.png,45.73504,123.46396444444446,200.61545600000002,133.3919762962963,119.04326400000001,269.90468740740744,127.30723200000001,-13.048794074074074,56.1555,69.2492,196.9,0.115914961626
691_HC.png,53.500415999999994,113.20049777777778,155.706176,153.52846222222223,88.14502399999999,224.9119288888889,121.0616,41.81703111111111,73.5459,88.9331,254.6,0.222510947122
645_HC.png,83.084704,140.02915555555558,166.16099200000002,100.88983703703704,141.21296,197.74629925925927,108.032736,43.17264592592593,55.0466,69.1342,194.6,0.202061865065
684_HC.png,88.641568,78.88218074074075,186.807232,159.09636740740743,103.98787200000001,209.6045037037037,171.460896,28.374044444444447,74.0144,92.2341,260.8,0.211266668219
556_HC.png,64.125696,108.34005333333333,174.73056,121.71117037037038,113.54256,221.87866074074077,125.31369600000001,8.172562962962964,50.367,65.689,182.3,0.145238102346
577_HC.png,42.460415999999995,135.61457777777778,167.54643199999998,114.63518814814816,114.089568,244.02635851851855,95.91731200000001,6.223454814814815,48.603,62.37,174.32,0.123549022792
085_HC.png,162.976768,134.23625481481483,192.65142400000002,42.66202074074074,214.274336,114.38042074074075,141.353856,62.517854814814825,23.3456,27.5409,79.47,0.108953805073
242_HC.png,33.023776,113.80190814814816,137.758656,116.40803555555556,84.31763199999999,209.79873185185184,86.464768,20.411211851851853,48.7497,59.5026,169.65,0.148925676065
159_HC.png,79.441536,117.68561777777778,193.678976,87.01748148148148,150.405024,215.5392474074074,122.71548800000001,-10.83614814814815,28.5359,38.1694,104.9,0.078653274104
524_HC.png,73.128832,96.44088888888889,190.05251199999998,109.22372740740741,126.028928,214.4876088888889,137.15244800000002,-8.82304,51.8695,66.8687,186.49,0.141572952271
035_HC.png,139.20649600000002,83.50445037037038,163.045728,187.85986370370372,106.82943999999999,157.89174518518521,195.422784,113.47256888888889,20.3935,25.6492,72.09,0.0877558453041
540_HC.png,57.398848,141.80015407407407,196.81017599999998,126.89706666666666,133.21808000000001,259.8671644444444,120.990944,8.830056296296297,53.0097,64.4316,184.25,0.121361133529
170_HC.png,62.69545600000001,127.68426666666667,162.10627200000002,120.64066370370371,115.340416,215.21934222222222,109.461312,33.105540740740736,34.8035,43.0364,122.0,0.111903455522
654_HC.png,84.65753600000001,134.9824,214.378176,93.22467555555556,169.9336,253.30062222222224,129.102112,-25.09354666666667,58.4119,84.6167,225.8,0.140807181597
693_HC.png,46.35312,130.4901688888889,200.069792,128.5220977777778,124.01795200000001,267.7574162962963,122.40495999999999,-8.74514962962963,74.3897,90.3223,258.5,0.15485513024
685_HC.png,85.838688,128.2712651851852,185.01673599999998,120.08931555555556,138.910944,216.8485925925926,131.944512,31.511988148148152,68.149,85.9625,241.7,0.219544093687
758_HC.png,69.86832000000001,144.84053333333335,173.328256,145.4565451851852,121.338784,240.79957333333334,121.85779200000002,49.49750518518519,91.9067,114.7092,324.0,0.284263695989
095_HC.png,51.27552,68.7487525925926,155.218048,134.884882962963,76.91081600000001,192.66085925925927,129.582752,10.972776296296297,22.7552,26.8483,77.7,0.0643689662982
563_HC.png,67.52835200000001,132.77155555555555,195.71408,142.0510814814815,127.61401599999999,258.902802962963,135.628416,15.919834074074075,50.7557,64.9418,181.73,0.126554302022
240_HC.png,90.07926400000001,113.41141333333334,203.68147199999999,149.3695051851852,131.04576,241.1872711111111,162.714976,21.593600000000002,45.5725,59.4621,165.04,0.125537499785
574_HC.png,56.387584,121.51400296296296,177.115072,134.12124444444444,111.420128,239.86488888888888,122.08249599999999,15.770358518518519,50.3186,63.046,177.91,0.133044264818
460_HC.png,61.817184,92.50721185185185,181.66031999999998,113.44881777777778,113.20592,210.15177481481484,130.27155199999999,-4.195697777777778,49.0951,59.2717,169.9,0.130189244564
553_HC.png,62.044160000000005,137.57127111111112,186.836192,136.04517925925927,125.092032,253.80290370370372,123.78832000000001,19.813546666666667,52.5161,66.4669,186.81,0.134660722436
710_HC.png,50.470496000000004,122.5088,197.39184,121.69159111111111,124.28988799999999,263.63382518518523,123.57248,-19.433434074074075,78.4602,102.037,283.8,0.170887903921
206_HC.png,59.795904,126.45394962962965,183.743328,119.96515555555557,124.537632,239.25684148148147,119.001568,7.1622637037037045,44.8812,56.7278,159.53,0.115799418716
392_HC.png,58.84496,96.31047111111111,165.07516800000002,140.93662814814817,93.524,214.94428444444446,130.396128,22.302814814814816,50.1876,61.433,174.99,0.145446991219
397_HC.png,31.437344,137.8349037037037,160.10505600000002,117.50584888888889,104.90224,254.51264000000003,86.64019200000001,0.82816,45.7414,60.8748,167.7,0.113118609244
764_HC.png,62.717439999999996,98.4754725925926,193.06351999999998,149.84490666666667,107.957184,235.17089185185188,147.823776,13.149440000000002,84.3494,96.9801,284.1,0.200118350983
217_HC.png,60.039392,110.85335703703704,183.91916799999998,110.78708148148148,122.008416,230.30385777777778,121.95014400000001,-8.663419259259259,47.4908,61.8374,171.8,0.122675764851
004_HC.png,74.844736,94.8178014814815,141.683904,182.71374222222224,71.70464,199.7835851851852,144.824,77.74791111111112,17.1037,21.079,59.81,0.0612398400539
642_HC.png,59.456512000000004,128.10496,187.034464,120.39651555555555,126.65292799999999,248.0254577777778,119.838048,0.4760177777777778,58.6232,76.7821,212.86,0.146920742357
722_HC.png,76.99212800000001,136.55708444444446,186.075808,132.13681777777776,133.410784,236.00137481481482,129.65712,32.69252740740741,80.4383,101.1959,284.98,0.235879619916
612_HC.png,95.273344,150.86890666666667,209.230912,124.39092148148147,163.87385600000002,247.4093511111111,140.6304,27.850477037037038,51.5346,67.0209,186.25,0.142964669636
546_HC.png,62.30150400000001,132.50010074074072,202.49446400000002,121.10810074074075,137.877632,274.8071348148148,126.918336,-21.198933333333336,49.8906,71.1045,190.9,0.113707753745
098_HC.png,81.810048,119.44983703703704,175.740352,117.77189925925926,129.437152,199.94116740740742,128.113248,37.280568888888894,23.1334,27.0408,78.5,0.0788046885282
573_HC.png,85.35721600000001,153.7144888888889,189.70547200000001,157.31991703703704,136.132832,244.3524740740741,138.92982400000002,66.68193185185184,54.0004,62.0628,181.63,0.165555556615
406_HC.png,61.252608,164.6463525925926,174.545984,151.5244562962963,123.61708800000001,266.43550814814813,112.181504,49.73530074074074,48.1648,62.1854,173.3,0.135628806578
502_HC.png,58.495104000000005,144.4050014814815,200.11500800000002,140.72708740740742,130.894688,276.9106014814815,127.715392,8.221487407407407,52.0756,66.6905,186.63,0.117650406305
047_HC.png,102.725376,196.56471703703704,156.756544,111.56072296296297,163.712544,201.45564444444443,95.769376,106.66979555555555,22.0314,26.0883,75.23,0.0894523837737
032_HC.png,125.758432,200.05499259259258,148.616512,111.31761777777778,171.119168,174.86994962962964,103.25577600000001,136.50266074074074,19.6509,22.2643,65.37,0.0980844684676
200_HC.png,77.227392,126.17263407407408,185.500768,147.59144296296296,121.53446400000001,245.9395792592593,141.19369600000002,27.82445037037037,45.0133,61.2081,167.11,0.131865739822
134_HC.png,104.92425600000001,196.91060148148148,128.668288,69.50385777777778,166.50448,153.53936592592592,67.088064,112.87514074074075,28.9223,33.4345,97.52,0.10373711586
027_HC.png,93.82844800000001,159.47714370370372,155.580864,207.12282074074074,105.94198399999999,236.67247407407407,143.467328,129.92749037037038,19.4296,22.6706,65.75,0.0892992424113
712_HC.png,76.1448,105.37998222222222,206.765024,128.58567111111114,131.678272,237.76355555555557,151.231552,-3.79794962962963,72.9906,91.1147,257.6,0.177544121231
230_HC.png,56.659776,115.82212740740741,197.19881600000002,140.49611851851853,114.791392,279.8970311111111,139.06723200000002,-23.578785185185186,40.8416,59.5297,158.52,0.0923480093479
489_HC.png,60.653792,144.66507851851853,181.2048,146.8664414814815,120.009952,256.2604088888889,121.84864,35.27115851851852,50.2448,62.1721,176.36,0.133363644282
378_HC.png,69.144832,131.0904888888889,205.25718400000002,140.87670518518522,132.978688,264.8762311111111,141.423328,7.090915555555556,45.8994,58.6775,164.3,0.107782592056
288_HC.png,79.42492800000001,137.45815703703704,190.11696,130.03629037037038,137.939616,237.46858666666668,131.602304,30.025860740740743,49.2342,62.2805,175.0,0.142185713564
418_HC.png,39.822496,145.1428977777778,156.728992,130.3263288888889,104.492992,245.40155259259262,92.05849599999999,30.067674074074073,51.0483,63.4686,179.66,0.139222525888
674_HC.png,87.03526400000001,163.65103407407406,190.108672,139.7458962962963,149.105152,251.37844148148147,128.038784,52.018536296296304,64.628,84.3754,234.0,0.198228812218
391_HC.png,69.808608,125.62000592592592,182.35088,131.08811851851854,123.736288,234.21198222222225,128.4232,22.496142222222225,50.7297,64.4174,180.72,0.144166009767
592_HC.png,52.69536,139.11836444444447,192.446784,145.3945362962963,119.60038399999999,287.4378903703704,125.541728,-2.9249422222222226,47.6922,66.8862,180.65,0.109154594981
498_HC.png,66.420384,125.3893214814815,192.22742399999998,131.4047051851852,126.4928,258.35112296296296,132.15504,-1.5570962962962964,46.8276,65.3011,176.68,0.119047619048
138_HC.png,52.310656,101.42151111111112,169.986816,105.14152296296297,109.509152,217.1154488888889,112.788352,-10.552414814814815,37.2734,48.6761,135.06,0.101335535244
062_HC.png,97.585376,194.53705481481484,120.64438399999999,61.94190222222223,164.159616,149.24928,54.070112,107.22972444444446,21.3533,26.2652,74.6,0.0739313749706
471_HC.png,46.591328000000004,145.2436385185185,190.77401600000002,135.80226370370372,122.953248,283.6606577777778,114.412128,-2.614755555555556,50.6379,67.8658,186.52,0.112276567353
647_HC.png,83.989728,163.91277037037037,176.026496,133.7031111111111,143.880704,241.56899555555555,116.13552,56.04688592592593,59.5249,80.991,220.9,0.202060492352
128_HC.png,100.785088,163.0706251851852,186.33689600000002,132.8954785185185,155.167968,220.2085925925926,131.954016,75.75751111111111,28.1952,32.1344,94.31,0.102594446163
784_HC.png,52.93488000000001,117.35760592592592,173.810528,124.36584296296297,110.315584,236.58846814814817,116.42982400000001,5.134980740740741,91.0766,117.716,328.0,0.24092711598
520_HC.png,62.451935999999996,116.32592592592593,197.320608,128.49189925925927,124.59462400000001,251.1593718518519,135.17792,-6.341594074074074,48.4204,62.4022,174.15,0.114673619921
064_HC.png,82.70559999999999,213.39856592592594,137.968704,79.42731851851852,162.210048,193.376,58.464256,99.44983703703703,23.1365,26.5431,77.75,0.0698593093289
014_HC.png,116.811936,68.17877333333334,148.462656,173.5738311111111,93.047456,146.97021629629631,172.22716799999998,94.78234074074075,19.2,21.3694,63.34,0.0789062492549
156_HC.png,83.58870399999999,99.64444444444445,194.638336,148.5573688888889,119.154464,223.5556503703704,159.072576,24.646115555555557,29.9321,36.1892,103.65,0.0826754726347
040_HC.png,103.004576,129.22661925925925,150.612416,36.932361481481486,165.834144,127.26158222222223,87.782848,38.897351111111114,19.4715,24.395,68.7,0.0794686022259
492_HC.png,54.485600000000005,134.86042074074075,180.50790400000002,121.59364740740742,123.37795200000001,250.84131555555555,111.61555200000001,5.612752592592592,46.8558,61.5448,170.41,0.118678637913
379_HC.png,63.541568,121.10876444444445,189.436384,138.68131555555556,118.887424,249.42250666666666,134.090496,10.367573333333333,47.3411,60.6781,169.68,0.119801348164
187_HC.png,101.40236800000001,139.0846577777778,157.717408,163.08110222222223,118.921728,205.87742814814814,140.198048,96.28833185185186,40.5073,53.2084,146.7,0.221207208104
216_HC.png,86.80158699186991,160.55704842883551,168.49153387533875,165.54994750462106,125.43771056910569,230.3041774491682,129.85541029810298,95.80286580406654,47.7526,57.6363,164.8,0.202570721507
052_HC.png,61.93952,181.79636148148148,133.50064,171.28424296296296,102.44294400000001,247.1040948148148,92.997248,105.97655703703704,19.6689,26.183,71.91,0.0875243649148
337_HC.png,83.234144,140.91268740740742,216.303776,132.8261688888889,153.194784,260.59922962962963,146.343136,13.139674074074074,49.5974,62.2569,175.62,0.11916936863
295_HC.png,41.101279999999996,125.56942222222223,188.95411199999998,123.21901037037037,115.996384,258.1344711111111,114.05900799999999,-9.345991111111113,49.1303,59.9951,171.26,0.10632731179
701_HC.png,107.12204799999999,141.69770666666668,186.231936,129.56406518518517,151.821472,209.24695703703702,141.532512,62.01481481481482,80.2323,100.7917,283.5,0.322814679915
251_HC.png,66.53164799999999,126.46110814814814,194.430048,123.37896296296297,131.835328,248.2821688888889,129.12633599999998,1.5579496296296298,46.5196,60.574,168.32,0.116375975831
461_HC.png,65.08544,119.14628740740741,199.583648,121.59734518518518,131.259616,249.83248592592594,133.409472,-9.088853333333335,46.8322,60.8555,169.27,0.111415346464
455_HC.png,64.16948512820512,134.47214545454545,176.4919794871795,142.3242211502783,116.72497230769231,246.4145810760668,123.93649230769232,30.381785528756957,50.6976,67.3805,185.6,0.147965164746
803_HC.png,51.43875200000001,138.48708740740742,197.59516800000003,127.93031111111112,129.06598400000001,271.43713185185186,119.96793600000001,-5.019685925925926,92.7104,118.37,331.7,0.202742586232
269_HC.png,56.364864,121.35466666666666,178.784832,138.07454814814815,110.653952,240.93255111111114,124.495776,18.496663703703703,50.0509,61.3858,174.8,0.13027811521
201_HC.png,67.103904,112.33645037037037,207.39616,145.5866311111111,122.30624,267.3479111111111,152.193824,-9.424829629629631,42.0543,56.002,154.3,0.0947194279365
161_HC.png,48.827936,122.12551111111111,157.70569600000002,117.65010962962964,105.058944,215.5776948148148,101.47468800000001,24.197925925925926,30.4548,36.134,104.3,0.0894745865038
555_HC.png,48.425504000000004,145.28549925925924,191.929632,134.35723851851853,124.768128,272.12525037037034,115.58700800000001,7.517487407407408,53.5115,66.6022,188.59,0.119167935281
401_HC.png,55.864864,96.06215111111112,181.39856,161.50276740740742,91.281408,243.93334518518523,145.98198399999998,13.631620740740741,48.4168,59.9565,170.08,0.1164227031
702_HC.png,71.10368000000001,121.39614814814814,198.368672,112.29591703703704,138.524032,233.10933333333332,130.94832,0.582731851851852,77.1511,95.1502,270.34,0.193766080416
476_HC.png,54.10288,141.0034725925926,192.83961599999998,129.15550814814816,128.17011200000002,255.84251259259264,118.772384,14.316468148148148,50.1219,58.8984,170.9,0.11541581702
105_HC.png,143.273632,185.53865481481483,147.43708800000002,30.914891851851856,203.812896,111.68146962962963,86.89785599999999,104.77207703703705,24.2784,27.1964,80.52,0.07437810969
565_HC.png,57.249216,117.27227259259259,185.150208,117.0713125925926,121.294944,250.20306962962965,121.10448000000001,-15.859484444444446,52.4358,73.6277,198.7,0.131190787805
389_HC.png,67.129824,147.7326222222222,211.218976,139.75651555555555,142.628192,280.6840888888889,135.72064,6.805048888888889,49.4449,63.4384,177.4,0.109732915526
001_HC.png,100.78582399999999,111.58191407407408,156.88806399999999,98.56436148148148,134.478624,158.43745185185188,123.19526400000001,51.7087762962963,15.9105,20.431,56.81,0.0896585200514
753_HC.png,75.03078400000001,214.1804562962963,154.38368,102.73602370370371,156.37481599999998,223.57537185185188,73.03968,93.34115555555556,88.9207,98.5074,293.2,0.260234993774
561_HC.png,58.307424000000005,94.82609777777778,173.233984,103.89466074074075,111.77795200000001,210.41758814814816,119.763456,-11.696877037037039,48.7776,63.6328,176.61,0.135623587144
080_HC.png,70.42067200000001,119.07612444444445,198.23308799999998,89.94484148148148,146.017984,217.09060740740742,122.635744,-8.069688888888889,22.1179,26.3006,75.9,0.054731880841
205_HC.png,66.621824,126.97585777777778,187.66284800000003,122.53056,129.391616,259.1747792592593,124.893056,-9.668361481481483,39.6257,59.4083,156.55,0.104727558792
034_HC.png,105.49152000000001,172.46421333333333,116.207232,61.561410370370375,154.94585600000002,126.36416,66.752928,107.6614637037037,21.4622,25.2849,73.07,0.0908181829886
508_HC.png,58.828320000000005,113.55392,179.19932799999998,113.27454814814816,119.12284799999999,216.51090962962962,118.90483200000001,10.317558518518519,51.7005,59.7794,174.6,0.137442921939
427_HC.png,60.8544,132.1287585185185,205.14515200000002,131.13078518518518,133.42288000000002,265.88491851851853,132.576704,-2.6253748148148146,51.812,65.0814,183.58,0.114904574373
454_HC.png,61.690400000000004,142.54919111111113,190.415488,145.2293214814815,124.95027200000001,260.12562962962966,127.15561600000001,27.65293037037037,48.7547,59.4331,169.7,0.121188134682
366_HC.png,69.277824,144.19584,184.47484799999998,140.77032296296298,128.43712,257.68258370370376,125.31555200000001,27.283626666666667,49.0654,66.2397,181.39,0.136268767151
091_HC.png,109.39859200000001,77.65077333333333,206.92831999999999,183.7323851851852,114.046464,219.71318518518518,202.280448,41.67002074074074,21.7329,26.78,76.1,0.0574788279917
339_HC.png,57.231296,135.8925274074074,190.37408,127.14889481481482,127.68012800000001,261.10838518518517,119.925216,1.9330370370370369,48.4224,63.6248,176.18,0.116265929023
564_HC.png,52.167584,139.26912000000002,183.247456,121.5628325925926,125.23948800000001,252.7960651851852,110.17552,8.035887407407408,52.0088,65.5519,184.6,0.126442357898
345_HC.png,75.327872,107.73191111111112,178.77225600000003,119.1801837037037,121.37238400000001,226.05392592592594,132.727744,0.858168888888889,42.4528,62.3826,165.45,0.130960682505
241_HC.png,76.72,134.67747555555556,180.04464000000002,144.0992237037037,124.105824,242.3213511111111,132.658816,36.455300740740746,44.136,59.3577,162.71,0.136432438283
013_HC.png,100.55488,74.63646814814814,165.396288,179.72878222222224,88.519328,187.38408296296296,177.431872,66.98116740740741,18.5962,23.3083,65.7,0.0619183278378
315_HC.png,109.204,109.14465185185186,185.1264,138.7668385185185,134.72495999999998,193.93569185185186,159.60544000000002,53.975798518518516,49.5566,61.6651,174.1,0.201985378458
600_HC.png,62.345600000000005,126.3712237037037,194.468096,142.62836148148148,121.10918400000001,264.66915555555556,135.704512,4.330429629629629,50.5932,67.2912,185.44,0.122116019086
387_HC.png,65.30332800000001,122.94959407407407,209.033408,136.47085037037039,131.333344,265.84405333333336,143.00339200000002,-6.423561481481482,48.8079,62.4082,174.76,0.108447204465
273_HC.png,69.37856,125.0079288888889,169.30838400000002,82.08128,136.646464,191.9506014814815,102.04048,15.138607407407408,49.6664,59.3176,170.7,0.152752381383
166_HC.png,108.685664,176.83356444444445,155.33987199999999,126.05824000000001,152.101408,191.95761777777778,111.924128,110.93418666666668,34.4655,40.4025,116.75,0.190514990917
799_HC.png,67.505088,148.95909925925926,174.015296,90.1575111111111,145.079904,216.24196740740743,96.44048000000001,22.874642962962962,99.2738,121.6551,346.4,0.279483795166
646_HC.png,71.58860800000001,130.94248296296297,193.664576,136.2182637037037,130.30096,251.6868740740741,134.952224,15.473825185185184,57.644,75.289,208.91,0.151038964589
484_HC.png,65.789152,127.18734222222223,194.422496,129.9654162962963,128.823168,258.9266488888889,131.388448,-1.7738903703703703,48.1806,65.912,179.66,0.119845696858
788_HC.png,72.763136,139.71963259259257,176.93260800000002,87.79889777777778,146.20752000000002,207.81520592592594,103.488192,19.703324444444448,89.8376,109.5059,312.49,0.261566968341
504_HC.png,74.291616,109.6838162962963,189.172896,125.07776,124.557408,234.89886814814815,138.907104,-0.13724444444444445,46.5987,64.3521,174.7,0.129272265312
243_HC.png,79.138592,206.61447111111113,131.99644800000002,98.02861037037037,147.2552,196.8601125925926,63.879808000000004,107.7829688888889,49.5693,56.3863,165.68,0.175530708262
566_HC.png,40.426496,118.8025362962963,175.38022400000003,105.75317333333334,113.62310400000001,242.10526814814816,102.183584,-17.54955851851852,50.0364,64.9832,180.8,0.118393514838
562_HC.png,90.210496,91.89864296296297,190.33632000000003,124.20261925925925,126.799968,199.70659555555557,153.746848,16.39466666666667,51.0313,63.0645,178.85,0.159359754078
686_HC.png,75.734944,137.37377185185187,173.29254400000002,108.85404444444445,136.497984,213.08814222222222,112.529504,33.139626666666665,66.2787,82.5211,233.3,0.213288702863
189_HC.png,69.70960000000001,106.79528296296297,165.040096,109.94408296296297,115.99584000000002,200.00312888888888,118.753888,16.736284444444447,34.7322,45.0701,125.25,0.116558130397
699_HC.png,28.964128000000002,139.62884740740742,179.98256,127.65496888888889,109.48867200000001,272.47255703703706,99.45801600000001,-5.188740740740741,73.686,91.4479,259.3,0.155913466588
475_HC.png,42.62784,136.70613333333336,158.446784,151.28030814814815,94.35702400000001,251.7880414814815,106.717632,36.19844740740741,52.0462,65.3944,184.29,0.143284167562
681_HC.png,62.47158400000001,163.9615051851852,181.88563200000002,91.34961777777778,156.637952,252.03465481481481,87.71923199999999,3.2764681481481484,60.9679,85.7288,231.27,0.151142893416
510_HC.png,43.923904,128.38248296296297,180.90249599999999,139.05455407407408,107.30540800000001,277.6089125925926,117.521024,-10.171875555555555,47.0846,66.7716,179.59,0.109844013401
058_HC.png,79.975424,172.69793185185185,144.38592,83.22706962962963,145.281824,180.26358518518518,79.07952,75.6614162962963,21.2647,23.3103,69.64,0.0770680079093
474_HC.png,60.821664,112.47511703703704,175.423904,139.71346962962963,106.675712,231.80003555555555,129.569824,20.388503703703705,49.7036,61.8909,175.08,0.137033266564
560_HC.png,71.00726399999999,121.91435851851851,198.28924800000001,178.27090962962964,110.807584,268.2698903703704,158.488928,31.915377777777778,51.0936,64.0423,180.78,0.123075348575
747_HC.png,71.36256,153.4322725925926,175.352832,106.91209481481482,144.008832,231.49037037037039,102.70656000000001,28.85399703703704,74.9904,98.6357,272.8,0.22090959549
252_HC.png,81.53321600000001,166.6073125925926,205.31081600000002,123.44334222222223,161.203232,256.93672296296296,125.6408,33.11393185185185,48.6343,59.362,169.4,0.122388499539
021_HC.png,78.497504,132.08931555555557,179.90617600000002,110.81965037037037,138.277696,216.42642962962964,120.125952,26.482583703703703,19.5641,24.7351,69.49,0.0611258425364
313_HC.png,56.534272,142.67870814814816,185.945248,149.99656296296297,118.116608,267.55783111111117,124.362912,25.117392592592594,50.3378,63.655,179.0,0.124381944537
459_HC.png,54.73312,125.58426074074073,158.277216,125.80660148148148,106.400032,233.17527703703706,106.610304,18.215585185185184,47.1537,66.0772,178.31,0.145727124284
160_HC.png,84.192288,195.8557866666667,131.2424,92.9202725925926,147.941856,184.74130962962963,67.49283199999999,104.03474962962963,29.9922,34.7264,101.18,0.114374445243
276_HC.png,44.79002809706258,111.74956316758748,168.6467514687101,107.27116611418047,108.71538595146872,224.3522710865562,104.72139361430398,-5.3315418047882135,48.5024,62.3752,174.15,0.127992675855
191_HC.png,47.795776,142.44759703703704,192.00156800000002,125.4226014814815,127.284608,271.24285629629634,112.512736,-3.372657777777778,38.2251,49.1354,137.3,0.0845553915379
385_HC.png,62.217856000000005,121.58677333333334,182.72124800000003,127.12372148148147,120.27104,229.37007407407407,124.668064,19.34042074074074,50.1801,59.036,171.12,0.133190594221
413_HC.png,45.941216000000004,119.24385185185186,179.786496,137.86571851851852,104.751872,256.5221451851852,120.97584,0.5874251851851853,47.831,61.7361,172.19,0.113854381171
491_HC.png,83.69648,97.44104296296297,206.744832,137.3241837037037,128.128192,233.12270222222224,162.31312,1.642571851851852,50.4559,64.0698,179.84,0.128183762232
343_HC.png,48.565760000000004,123.43172740740742,172.945504,114.56682666666667,114.835168,244.6245925925926,106.676096,-6.626038518518519,46.789,63.7977,174.09,0.120238094103
769_HC.png,50.84307200000001,126.94765037037037,174.38688,115.60030814814816,117.42624,236.2425362962963,107.803712,6.305422222222222,88.0387,110.6026,311.82,0.227598547935
308_HC.png,71.354816,106.22345481481481,210.56511999999998,136.95488,128.10768000000002,249.3687940740741,153.812256,-6.190459259259259,47.4697,58.8221,166.86,0.107926079022
661_HC.png,60.470688,123.26641777777779,200.051616,129.62389333333334,127.494368,259.77040592592596,133.027936,-6.880094814814815,61.0811,78.7639,219.8,0.139967021015
130_HC.png,82.832416,78.75825777777777,147.824,146.76882962962964,88.480416,169.07306666666668,142.17600000000002,56.45406814814815,28.5399,33.3819,96.8,0.114776629141
663_HC.png,77.558304,136.9106962962963,176.78400000000002,134.81566814814815,128.074048,229.71984592592594,126.26825600000001,42.00651851851852,62.6488,79.9996,223.8,0.20202020202
099_HC.png,133.983872,91.9532562962963,145.819808,212.50014814814816,95.490656,161.79712,184.313024,142.65628444444445,23.0556,25.1674,75.3,0.0897261926106
372_HC.png,64.05072,125.91634962962964,179.68544000000003,125.17797925925927,122.177312,231.8303288888889,121.558848,19.264,49.0412,60.8514,172.39,0.13571202755
087_HC.png,63.43424,115.65008592592594,176.51008000000002,112.29861925925925,121.31990400000001,213.77578666666668,118.624416,14.17291851851852,23.0315,27.4425,79.09,0.0651652162725
458_HC.png,46.595136000000004,120.90064592592593,179.836864,110.47414518518518,118.023488,250.52534518518522,108.40848,-19.150554074074073,47.3254,64.6546,176.33,0.113500776616
330_HC.png,66.306304,135.25428148148148,181.95196800000002,116.13534814814815,131.925408,229.19623111111113,116.33286400000001,22.19339851851852,51.01,61.632,176.57,0.140277776453
214_HC.png,64.793216,136.35043555555555,201.619872,129.9264474074074,136.138112,270.18116740740743,130.274976,-3.9042844444444444,44.7432,60.4988,165.67,0.104589648545
466_HC.png,70.898336,131.61704296296298,186.64928,94.22217481481482,145.86592000000002,229.03774814814815,111.68169599999999,-3.1985303703703707,47.596,64.4584,176.31,0.128560448304
121_HC.png,41.133696,85.50148740740741,159.17408,105.95019851851852,91.47881600000001,205.63408592592594,108.82896000000001,-14.182400000000001,22.5456,28.3397,79.86,0.060706117067
614_HC.png,68.80048,166.33704296296298,200.341088,112.66673777777778,156.057696,255.08456296296296,113.08384000000001,23.919217777777778,57.4332,68.1286,196.86,0.134702977296
020_HC.png,72.944672,126.07141925925926,175.868,173.91962074074075,102.330144,254.2187614814815,146.482496,45.77227851851852,18.3664,25.1078,68.41,0.054483698762
700_HC.png,50.029696,94.4716325925926,178.834528,116.75880296296296,104.698048,229.08572444444448,124.166176,-17.85528888888889,71.9726,93.1391,259.46,0.177599894149
071_HC.png,142.502976,130.45982814814815,168.372768,201.90231703703705,127.984352,187.99966814814815,182.89139200000002,144.36247703703702,21.824,24.8486,72.7,0.127615386095
106_HC.png,89.62822399999999,84.19318518518519,119.04025600000001,223.74347851851854,50.730048,178.76456296296297,157.938464,129.17210074074075,23.4088,26.6424,78.3,0.0759090889584
270_HC.png,90.96943999999999,153.0418251851852,192.167264,131.85536000000002,150.390784,234.9382637037037,132.74592,49.95896888888889,50.8499,62.7402,178.06,0.159211707494
435_HC.png,77.284832,85.39486814814815,191.559232,138.29105777777778,112.922784,213.78194962962965,155.92128,9.90392888888889,50.4689,60.7784,174.4,0.134895749994
102_HC.png,81.6768,123.97895111111112,183.525376,142.2092325925926,124.772096,229.0916977777778,140.430112,37.09643851851852,21.5394,27.4077,76.8,0.0671864160009
